Alert ID,Ticker,Name,Description,Time,Webhook status
4333266299,"BATS:VUG, 4h","H-SCREEN (, 14, 70, 30, 12, 26, 9, 9, 21, 50, 200, 20, 2, 20, 20, 2, 14, 3, 3, 80, 20, 14, 50, 1.5): Any alert() function call","{""key"":"""",""ticker"":""VUG"",""indicator"":""VWAP"",""value"":443.36,""signal"":""bearish"",""metadata"":{""condition"":""Price crossed below VWAP""},""tf"":""240"",""time"":1775482200000}",2026-04-06T17:31:00Z,Webhook delivery failed — 422 Unprocessable Content
4376811429,"BATS:RIVN, 4h","H-SCREEN (5IqlmwJFdchvjcFuM_QB-eYxSEgv1mhWkER6AnpMFIg, 14, 70, 30, 12, 26, 9, 9, 21, 50, 200, 20, 2, 20, 20, 2, 14, 3, 3, 80, 20, 14, 50, 1.5): Any alert() function call","{""key"":""5IqlmwJFdchvjcFuM_QB-eYxSEgv1mhWkER6AnpMFIg"",""ticker"":""RIVN"",""indicator"":""VWAP"",""value"":15.28,""signal"":""bearish"",""metadata"":{""condition"":""Price crossed below VWAP""},""tf"":""240"",""time"":1775482200000}",2026-04-06T17:30:37Z,Webhook delivery failed — 422 Unprocessable Content
4376793010,"BATS:COST, 4h","H-SCREEN (5IqlmwJFdchvjcFuM_QB-eYxSEgv1mhWkER6AnpMFIg, 14, 70, 30, 12, 26, 9, 9, 21, 50, 200, 20, 2, 20, 20, 2, 14, 3, 3, 80, 20, 14, 50, 1.5): Any alert() function call","{""key"":""5IqlmwJFdchvjcFuM_QB-eYxSEgv1mhWkER6AnpMFIg"",""ticker"":""COST"",""indicator"":""BOLL_20"",""value"":1016.83,""signal"":""bearish"",""metadata"":{""condition"":""Price rejected from upper Bollinger Band""},""tf"":""240"",""time"":1775482200000}",2026-04-06T17:30:31Z,Webhook delivery failed — 422 Unprocessable Content
4376816576,"BATS:ARM, 4h","H-SCREEN (5IqlmwJFdchvjcFuM_QB-eYxSEgv1mhWkER6AnpMFIg, 14, 70, 30, 12, 26, 9, 9, 21, 50, 200, 20, 2, 20, 20, 2, 14, 3, 3, 80, 20, 14, 50, 1.5): Any alert() function call","{""key"":""5IqlmwJFdchvjcFuM_QB-eYxSEgv1mhWkER6AnpMFIg"",""ticker"":""ARM"",""indicator"":""VWAP"",""value"":149.23,""signal"":""bearish"",""metadata"":{""condition"":""Price crossed below VWAP""},""tf"":""240"",""time"":1775482200000}",2026-04-06T17:30:30Z,Webhook delivery failed — 422 Unprocessable Content
4376804411,"BATS:CRWD, 4h","H-SCREEN (5IqlmwJFdchvjcFuM_QB-eYxSEgv1mhWkER6AnpMFIg, 14, 70, 30, 12, 26, 9, 9, 21, 50, 200, 20, 2, 20, 20, 2, 14, 3, 3, 80, 20, 14, 50, 1.5): Any alert() function call","{""key"":""5IqlmwJFdchvjcFuM_QB-eYxSEgv1mhWkER6AnpMFIg"",""ticker"":""CRWD"",""indicator"":""STOCH_RSI"",""value"":99.3,""signal"":""bearish"",""metadata"":{""condition"":""Stoch RSI bearish cross in overbought zone"",""k"":99.3,""d"":99.3},""tf"":""240"",""time"":1775482200000}",2026-04-06T17:30:18Z,Webhook delivery failed — 422 Unprocessable Content
4376804411,"BATS:CRWD, 4h","H-SCREEN (5IqlmwJFdchvjcFuM_QB-eYxSEgv1mhWkER6AnpMFIg, 14, 70, 30, 12, 26, 9, 9, 21, 50, 200, 20, 2, 20, 20, 2, 14, 3, 3, 80, 20, 14, 50, 1.5): Any alert() function call","{""key"":""5IqlmwJFdchvjcFuM_QB-eYxSEgv1mhWkER6AnpMFIg"",""ticker"":""CRWD"",""indicator"":""VWAP"",""value"":398.73,""signal"":""bearish"",""metadata"":{""condition"":""Price crossed below VWAP""},""tf"":""240"",""time"":1775482200000}",2026-04-06T17:30:18Z,Webhook delivery failed — 422 Unprocessable Content
4333306224,"BATS:ASTS, 4h","LuxAlgo - Smart Money Concepts (Historical, Colored, All, All, tiny, All, All, small, 50, 5, 5, Atr, High/Low, 3, 0.1, tiny, , 1, ⎯⎯⎯, ⎯⎯⎯, ⎯⎯⎯, eeUfs6eSWx1ri5jNRToFqVxbDowkRd66J8l2Dtf8TpM): Any alert() function call","{""key"":""eeUfs6eSWx1ri5jNRToFqVxbDowkRd66J8l2Dtf8TpM"",""ticker"":""ASTS"",""indicator"":""SMC_INT_OB"",""value"":94.92,""signal"":""bearish"",""metadata"":{""condition"":""Price broke bearish internal OB — resistance mitigated"",""level"":""internal""},""tf"":""240"",""time"":1775482200000}",2026-04-06T17:30:15Z,Webhook delivery failed — 422 Unprocessable Content
4376768335,"BATS:MARA, 4h","H-SCREEN (5IqlmwJFdchvjcFuM_QB-eYxSEgv1mhWkER6AnpMFIg, 14, 70, 30, 12, 26, 9, 9, 21, 50, 200, 20, 2, 20, 20, 2, 14, 3, 3, 80, 20, 14, 50, 1.5): Any alert() function call","{""key"":""5IqlmwJFdchvjcFuM_QB-eYxSEgv1mhWkER6AnpMFIg"",""ticker"":""MARA"",""indicator"":""VWAP"",""value"":8.9,""signal"":""bearish"",""metadata"":{""condition"":""Price crossed below VWAP""},""tf"":""240"",""time"":1775482200000}",2026-04-06T17:30:15Z,Webhook delivery failed — 422 Unprocessable Content
4317510324,"BATS:ASTS, 4h","H-SCREEN (5IqlmwJFdchvjcFuM_QB-eYxSEgv1mhWkER6AnpMFIg, 14, 70, 30, 12, 26, 9, 9, 21, 50, 200, 20, 2, 20, 20, 2, 14, 3, 3, 80, 20, 14, 50, 1.5): Any alert() function call","{""key"":""5IqlmwJFdchvjcFuM_QB-eYxSEgv1mhWkER6AnpMFIg"",""ticker"":""ASTS"",""indicator"":""VWAP"",""value"":95.82,""signal"":""bearish"",""metadata"":{""condition"":""Price crossed below VWAP""},""tf"":""240"",""time"":1775482200000}",2026-04-06T17:30:15Z,Webhook successfully delivered
4317510324,"BATS:ASTS, 4h","H-SCREEN (5IqlmwJFdchvjcFuM_QB-eYxSEgv1mhWkER6AnpMFIg, 14, 70, 30, 12, 26, 9, 9, 21, 50, 200, 20, 2, 20, 20, 2, 14, 3, 3, 80, 20, 14, 50, 1.5): Any alert() function call","{""key"":""5IqlmwJFdchvjcFuM_QB-eYxSEgv1mhWkER6AnpMFIg"",""ticker"":""ASTS"",""indicator"":""EMA_CROSS"",""value"":94.92,""signal"":""bullish"",""metadata"":{""condition"":""EMA 9 crossed above EMA 21""},""tf"":""240"",""time"":1775482200000}",2026-04-06T17:30:15Z,Webhook successfully delivered
4376790640,"BATS:NVO, 4h","H-SCREEN (5IqlmwJFdchvjcFuM_QB-eYxSEgv1mhWkER6AnpMFIg, 14, 70, 30, 12, 26, 9, 9, 21, 50, 200, 20, 2, 20, 20, 2, 14, 3, 3, 80, 20, 14, 50, 1.5): Any alert() function call","{""key"":""5IqlmwJFdchvjcFuM_QB-eYxSEgv1mhWkER6AnpMFIg"",""ticker"":""NVO"",""indicator"":""VWAP"",""value"":36.93,""signal"":""bearish"",""metadata"":{""condition"":""Price crossed below VWAP""},""tf"":""240"",""time"":1775482200000}",2026-04-06T17:30:15Z,Webhook delivery failed — 422 Unprocessable Content
4376800846,"BATS:SHOP, 4h","H-SCREEN (5IqlmwJFdchvjcFuM_QB-eYxSEgv1mhWkER6AnpMFIg, 14, 70, 30, 12, 26, 9, 9, 21, 50, 200, 20, 2, 20, 20, 2, 14, 3, 3, 80, 20, 14, 50, 1.5): Any alert() function call","{""key"":""5IqlmwJFdchvjcFuM_QB-eYxSEgv1mhWkER6AnpMFIg"",""ticker"":""SHOP"",""indicator"":""VWAP"",""value"":118.82,""signal"":""bearish"",""metadata"":{""condition"":""Price crossed below VWAP""},""tf"":""240"",""time"":1775482200000}",2026-04-06T17:30:13Z,Webhook delivery failed — 422 Unprocessable Content
4317437530,"BATS:NOK, 4h","H-SCREEN (5IqlmwJFdchvjcFuM_QB-eYxSEgv1mhWkER6AnpMFIg, 14, 70, 30, 12, 26, 9, 9, 21, 50, 200, 20, 2, 20, 20, 2, 14, 3, 3, 80, 20, 14, 50, 1.5): Any alert() function call","{""key"":""5IqlmwJFdchvjcFuM_QB-eYxSEgv1mhWkER6AnpMFIg"",""ticker"":""NOK"",""indicator"":""VWAP"",""value"":9.08,""signal"":""bearish"",""metadata"":{""condition"":""Price crossed below VWAP""},""tf"":""240"",""time"":1775482200000}",2026-04-06T17:30:11Z,Webhook successfully delivered
4334107412,"BATS:GOOG, 4h","H-SCREEN (5IqlmwJFdchvjcFuM_QB-eYxSEgv1mhWkER6AnpMFIg, 14, 70, 30, 12, 26, 9, 9, 21, 50, 200, 20, 2, 20, 20, 2, 14, 3, 3, 80, 20, 14, 50, 1.5): Any alert() function call","{""key"":""5IqlmwJFdchvjcFuM_QB-eYxSEgv1mhWkER6AnpMFIg"",""ticker"":""GOOG"",""indicator"":""EMA_CROSS"",""value"":297.22,""signal"":""bullish"",""metadata"":{""condition"":""EMA 9 crossed above EMA 21""},""tf"":""240"",""time"":1775482200000}",2026-04-06T17:30:05Z,Webhook delivery failed — 422 Unprocessable Content
4334105567,"BATS:AAPL, 4h","H-SCREEN (5IqlmwJFdchvjcFuM_QB-eYxSEgv1mhWkER6AnpMFIg, 14, 70, 30, 12, 26, 9, 9, 21, 50, 200, 20, 2, 20, 20, 2, 14, 3, 3, 80, 20, 14, 50, 1.5): Any alert() function call","{""key"":""5IqlmwJFdchvjcFuM_QB-eYxSEgv1mhWkER6AnpMFIg"",""ticker"":""AAPL"",""indicator"":""VWAP"",""value"":259.13,""signal"":""bearish"",""metadata"":{""condition"":""Price crossed below VWAP""},""tf"":""240"",""time"":1775482200000}",2026-04-06T17:30:04Z,Webhook delivery failed — 422 Unprocessable Content
4334105567,"BATS:AAPL, 4h","H-SCREEN (5IqlmwJFdchvjcFuM_QB-eYxSEgv1mhWkER6AnpMFIg, 14, 70, 30, 12, 26, 9, 9, 21, 50, 200, 20, 2, 20, 20, 2, 14, 3, 3, 80, 20, 14, 50, 1.5): Any alert() function call","{""key"":""5IqlmwJFdchvjcFuM_QB-eYxSEgv1mhWkER6AnpMFIg"",""ticker"":""AAPL"",""indicator"":""MACD_12_26"",""value"":0.42,""signal"":""bullish"",""metadata"":{""condition"":""MACD crossed above zero""},""tf"":""240"",""time"":1775482200000}",2026-04-06T17:30:04Z,Webhook delivery failed — 422 Unprocessable Content
4317453417,"BATS:AMD, 4h","H-SCREEN (5IqlmwJFdchvjcFuM_QB-eYxSEgv1mhWkER6AnpMFIg, 14, 70, 30, 12, 26, 9, 9, 21, 50, 200, 20, 2, 20, 20, 2, 14, 3, 3, 80, 20, 14, 50, 1.5): Any alert() function call","{""key"":""5IqlmwJFdchvjcFuM_QB-eYxSEgv1mhWkER6AnpMFIg"",""ticker"":""AMD"",""indicator"":""VWAP"",""value"":221.27,""signal"":""bearish"",""metadata"":{""condition"":""Price crossed below VWAP""},""tf"":""240"",""time"":1775482200000}",2026-04-06T17:30:01Z,Webhook delivery failed — request took too long and timed out
4333261741,"BATS:SPY, 4h","H-SCREEN (, 14, 70, 30, 12, 26, 9, 9, 21, 50, 200, 20, 2, 20, 20, 2, 14, 3, 3, 80, 20, 14, 50, 1.5): Any alert() function call","{""key"":"""",""ticker"":""SPY"",""indicator"":""VWAP"",""value"":657.54,""signal"":""bearish"",""metadata"":{""condition"":""Price crossed below VWAP""},""tf"":""240"",""time"":1775482200000}",2026-04-06T17:30:01Z,Webhook delivery failed — request took too long and timed out
4376785664,"BATS:AMZN, 4h","H-SCREEN (5IqlmwJFdchvjcFuM_QB-eYxSEgv1mhWkER6AnpMFIg, 14, 70, 30, 12, 26, 9, 9, 21, 50, 200, 20, 2, 20, 20, 2, 14, 3, 3, 80, 20, 14, 50, 1.5): Any alert() function call","{""key"":""5IqlmwJFdchvjcFuM_QB-eYxSEgv1mhWkER6AnpMFIg"",""ticker"":""AMZN"",""indicator"":""MACD_12_26"",""value"":0.14,""signal"":""bullish"",""metadata"":{""condition"":""MACD crossed above zero""},""tf"":""240"",""time"":1775482200000}",2026-04-06T17:30:01Z,Webhook delivery failed — 422 Unprocessable Content
4376784176,"BATS:MSFT, 4h","H-SCREEN (5IqlmwJFdchvjcFuM_QB-eYxSEgv1mhWkER6AnpMFIg, 14, 70, 30, 12, 26, 9, 9, 21, 50, 200, 20, 2, 20, 20, 2, 14, 3, 3, 80, 20, 14, 50, 1.5): Any alert() function call","{""key"":""5IqlmwJFdchvjcFuM_QB-eYxSEgv1mhWkER6AnpMFIg"",""ticker"":""MSFT"",""indicator"":""BOLL_SQUEEZE"",""value"":29.09,""signal"":""neutral"",""metadata"":{""condition"":""Bollinger Band squeeze detected — breakout imminent""},""tf"":""240"",""time"":1775482200000}",2026-04-06T17:30:01Z,Webhook delivery failed — 422 Unprocessable Content
4333264087,"BATS:QQQ, 4h","H-SCREEN (, 14, 70, 30, 12, 26, 9, 9, 21, 50, 200, 20, 2, 20, 20, 2, 14, 3, 3, 80, 20, 14, 50, 1.5): Any alert() function call","{""key"":"""",""ticker"":""QQQ"",""indicator"":""VWAP"",""value"":587.5,""signal"":""bearish"",""metadata"":{""condition"":""Price crossed below VWAP""},""tf"":""240"",""time"":1775482200000}",2026-04-06T17:30:00Z,Webhook delivery failed — request took too long and timed out
4376799750,"BATS:SMCI, 4h","H-SCREEN (5IqlmwJFdchvjcFuM_QB-eYxSEgv1mhWkER6AnpMFIg, 14, 70, 30, 12, 26, 9, 9, 21, 50, 200, 20, 2, 20, 20, 2, 14, 3, 3, 80, 20, 14, 50, 1.5): Any alert() function call","{""key"":""5IqlmwJFdchvjcFuM_QB-eYxSEgv1mhWkER6AnpMFIg"",""ticker"":""SMCI"",""indicator"":""VWAP"",""value"":22.7,""signal"":""bearish"",""metadata"":{""condition"":""Price crossed below VWAP""},""tf"":""240"",""time"":1775482200000}",2026-04-06T17:30:00Z,Webhook delivery failed — 422 Unprocessable Content
4376799750,"BATS:SMCI, 4h","H-SCREEN (5IqlmwJFdchvjcFuM_QB-eYxSEgv1mhWkER6AnpMFIg, 14, 70, 30, 12, 26, 9, 9, 21, 50, 200, 20, 2, 20, 20, 2, 14, 3, 3, 80, 20, 14, 50, 1.5): Any alert() function call","{""key"":""5IqlmwJFdchvjcFuM_QB-eYxSEgv1mhWkER6AnpMFIg"",""ticker"":""SMCI"",""indicator"":""STOCH_RSI"",""value"":90.9,""signal"":""bearish"",""metadata"":{""condition"":""Stoch RSI bearish cross in overbought zone"",""k"":90.9,""d"":95.3},""tf"":""240"",""time"":1775482200000}",2026-04-06T17:30:00Z,Webhook delivery failed — 422 Unprocessable Content
4317500304,"BATS:SATL, 4h","H-SCREEN (5IqlmwJFdchvjcFuM_QB-eYxSEgv1mhWkER6AnpMFIg, 14, 70, 30, 12, 26, 9, 9, 21, 50, 200, 20, 2, 20, 20, 2, 14, 3, 3, 80, 20, 14, 50, 1.5): Any alert() function call","{""key"":""5IqlmwJFdchvjcFuM_QB-eYxSEgv1mhWkER6AnpMFIg"",""ticker"":""SATL"",""indicator"":""MACD_12_26"",""value"":0.64,""signal"":""bullish"",""metadata"":{""condition"":""MACD bullish signal cross"",""histogram"":0.04},""tf"":""240"",""time"":1775151000000}",2026-04-02T20:00:27Z,Webhook successfully delivered
4317474429,"BATS:BITF, 4h","H-SCREEN (5IqlmwJFdchvjcFuM_QB-eYxSEgv1mhWkER6AnpMFIg, 14, 70, 30, 12, 26, 9, 9, 21, 50, 200, 20, 2, 20, 20, 2, 14, 3, 3, 80, 20, 14, 50, 1.5): Any alert() function call","{""key"":""5IqlmwJFdchvjcFuM_QB-eYxSEgv1mhWkER6AnpMFIg"",""ticker"":""BITF"",""indicator"":""VWAP"",""value"":1.93,""signal"":""bullish"",""metadata"":{""condition"":""Price crossed above VWAP""},""tf"":""240"",""time"":1775136600000}",2026-04-02T17:30:57Z,Webhook delivery failed — request took too long and timed out
4333306305,"BATS:NOK, 4h","LuxAlgo - Smart Money Concepts (Historical, Colored, All, All, tiny, All, All, small, 50, 5, 5, Atr, High/Low, 3, 0.1, tiny, , 1, ⎯⎯⎯, ⎯⎯⎯, ⎯⎯⎯, eeUfs6eSWx1ri5jNRToFqVxbDowkRd66J8l2Dtf8TpM): Any alert() function call","{""key"":""eeUfs6eSWx1ri5jNRToFqVxbDowkRd66J8l2Dtf8TpM"",""ticker"":""NOK"",""indicator"":""SMC_INT_OB"",""value"":8.74,""signal"":""bearish"",""metadata"":{""condition"":""Price broke bearish internal OB — resistance mitigated"",""level"":""internal""},""tf"":""240"",""time"":1775136600000}",2026-04-02T17:30:45Z,Webhook delivery failed — request took too long and timed out
4333306305,"BATS:NOK, 4h","LuxAlgo - Smart Money Concepts (Historical, Colored, All, All, tiny, All, All, small, 50, 5, 5, Atr, High/Low, 3, 0.1, tiny, , 1, ⎯⎯⎯, ⎯⎯⎯, ⎯⎯⎯, eeUfs6eSWx1ri5jNRToFqVxbDowkRd66J8l2Dtf8TpM): Any alert() function call","{""key"":""eeUfs6eSWx1ri5jNRToFqVxbDowkRd66J8l2Dtf8TpM"",""ticker"":""NOK"",""indicator"":""SMC_INT_CHOCH"",""value"":8.74,""signal"":""bullish"",""metadata"":{""condition"":""Internal Bullish CHoCH — trend reversal"",""level"":""internal""},""tf"":""240"",""time"":1775136600000}",2026-04-02T17:30:45Z,Webhook delivery failed — request took too long and timed out
4317437530,"BATS:NOK, 4h","H-SCREEN (5IqlmwJFdchvjcFuM_QB-eYxSEgv1mhWkER6AnpMFIg, 14, 70, 30, 12, 26, 9, 9, 21, 50, 200, 20, 2, 20, 20, 2, 14, 3, 3, 80, 20, 14, 50, 1.5): Any alert() function call","{""key"":""5IqlmwJFdchvjcFuM_QB-eYxSEgv1mhWkER6AnpMFIg"",""ticker"":""NOK"",""indicator"":""BOLL_20"",""value"":8.74,""signal"":""bullish"",""metadata"":{""condition"":""Price broke above upper Bollinger Band"",""bandwidth"":0.87},""tf"":""240"",""time"":1775136600000}",2026-04-02T17:30:45Z,Webhook delivery failed — request took too long and timed out
4317437530,"BATS:NOK, 4h","H-SCREEN (5IqlmwJFdchvjcFuM_QB-eYxSEgv1mhWkER6AnpMFIg, 14, 70, 30, 12, 26, 9, 9, 21, 50, 200, 20, 2, 20, 20, 2, 14, 3, 3, 80, 20, 14, 50, 1.5): Any alert() function call","{""key"":""5IqlmwJFdchvjcFuM_QB-eYxSEgv1mhWkER6AnpMFIg"",""ticker"":""NOK"",""indicator"":""MACD_12_26"",""value"":0.06,""signal"":""bullish"",""metadata"":{""condition"":""MACD bullish signal cross"",""histogram"":0.04},""tf"":""240"",""time"":1775136600000}",2026-04-02T17:30:45Z,Webhook delivery failed — request took too long and timed out
4317437530,"BATS:NOK, 4h","H-SCREEN (5IqlmwJFdchvjcFuM_QB-eYxSEgv1mhWkER6AnpMFIg, 14, 70, 30, 12, 26, 9, 9, 21, 50, 200, 20, 2, 20, 20, 2, 14, 3, 3, 80, 20, 14, 50, 1.5): Any alert() function call","{""key"":""5IqlmwJFdchvjcFuM_QB-eYxSEgv1mhWkER6AnpMFIg"",""ticker"":""NOK"",""indicator"":""VWAP"",""value"":8.52,""signal"":""bullish"",""metadata"":{""condition"":""Price crossed above VWAP""},""tf"":""240"",""time"":1775136600000}",2026-04-02T17:30:45Z,Webhook delivery failed — request took too long and timed out
4317500304,"BATS:SATL, 4h","H-SCREEN (5IqlmwJFdchvjcFuM_QB-eYxSEgv1mhWkER6AnpMFIg, 14, 70, 30, 12, 26, 9, 9, 21, 50, 200, 20, 2, 20, 20, 2, 14, 3, 3, 80, 20, 14, 50, 1.5): Any alert() function call","{""key"":""5IqlmwJFdchvjcFuM_QB-eYxSEgv1mhWkER6AnpMFIg"",""ticker"":""SATL"",""indicator"":""VWAP"",""value"":6.34,""signal"":""bullish"",""metadata"":{""condition"":""Price crossed above VWAP""},""tf"":""240"",""time"":1775136600000}",2026-04-02T17:30:30Z,Webhook delivery failed — request took too long and timed out
4317500304,"BATS:SATL, 4h","H-SCREEN (5IqlmwJFdchvjcFuM_QB-eYxSEgv1mhWkER6AnpMFIg, 14, 70, 30, 12, 26, 9, 9, 21, 50, 200, 20, 2, 20, 20, 2, 14, 3, 3, 80, 20, 14, 50, 1.5): Any alert() function call","{""key"":""5IqlmwJFdchvjcFuM_QB-eYxSEgv1mhWkER6AnpMFIg"",""ticker"":""SATL"",""indicator"":""RSI_14"",""value"":71,""signal"":""bearish"",""metadata"":{""condition"":""RSI crossed above overbought (70)""},""tf"":""240"",""time"":1775136600000}",2026-04-02T17:30:30Z,Webhook delivery failed — request took too long and timed out
4317510324,"BATS:ASTS, 4h","H-SCREEN (5IqlmwJFdchvjcFuM_QB-eYxSEgv1mhWkER6AnpMFIg, 14, 70, 30, 12, 26, 9, 9, 21, 50, 200, 20, 2, 20, 20, 2, 14, 3, 3, 80, 20, 14, 50, 1.5): Any alert() function call","{""key"":""5IqlmwJFdchvjcFuM_QB-eYxSEgv1mhWkER6AnpMFIg"",""ticker"":""ASTS"",""indicator"":""VWAP"",""value"":87.03,""signal"":""bullish"",""metadata"":{""condition"":""Price crossed above VWAP""},""tf"":""240"",""time"":1775136600000}",2026-04-02T17:30:03Z,Webhook delivery failed — request took too long and timed out
4317510324,"BATS:ASTS, 4h","H-SCREEN (5IqlmwJFdchvjcFuM_QB-eYxSEgv1mhWkER6AnpMFIg, 14, 70, 30, 12, 26, 9, 9, 21, 50, 200, 20, 2, 20, 20, 2, 14, 3, 3, 80, 20, 14, 50, 1.5): Any alert() function call","{""key"":""5IqlmwJFdchvjcFuM_QB-eYxSEgv1mhWkER6AnpMFIg"",""ticker"":""ASTS"",""indicator"":""MACD_12_26"",""value"":-1.57,""signal"":""bullish"",""metadata"":{""condition"":""MACD bullish signal cross"",""histogram"":0.33},""tf"":""240"",""time"":1775136600000}",2026-04-02T17:30:03Z,Webhook delivery failed — request took too long and timed out
4334107359,"BATS:CIFR, 4h","H-SCREEN (5IqlmwJFdchvjcFuM_QB-eYxSEgv1mhWkER6AnpMFIg, 14, 70, 30, 12, 26, 9, 9, 21, 50, 200, 20, 2, 20, 20, 2, 14, 3, 3, 80, 20, 14, 50, 1.5): Any alert() function call","{""key"":""5IqlmwJFdchvjcFuM_QB-eYxSEgv1mhWkER6AnpMFIg"",""ticker"":""CIFR"",""indicator"":""VWAP"",""value"":12.55,""signal"":""bullish"",""metadata"":{""condition"":""Price crossed above VWAP""},""tf"":""240"",""time"":1775136600000}",2026-04-02T17:30:03Z,Webhook delivery failed — request took too long and timed out
4317453417,"BATS:AMD, 4h","H-SCREEN (5IqlmwJFdchvjcFuM_QB-eYxSEgv1mhWkER6AnpMFIg, 14, 70, 30, 12, 26, 9, 9, 21, 50, 200, 20, 2, 20, 20, 2, 14, 3, 3, 80, 20, 14, 50, 1.5): Any alert() function call","{""key"":""5IqlmwJFdchvjcFuM_QB-eYxSEgv1mhWkER6AnpMFIg"",""ticker"":""AMD"",""indicator"":""VWAP"",""value"":210.36,""signal"":""bullish"",""metadata"":{""condition"":""Price crossed above VWAP""},""tf"":""240"",""time"":1775136600000}",2026-04-02T17:30:03Z,Webhook delivery failed — request took too long and timed out
4317452705,"BATS:MU, 4h","H-SCREEN (5IqlmwJFdchvjcFuM_QB-eYxSEgv1mhWkER6AnpMFIg, 14, 70, 30, 12, 26, 9, 9, 21, 50, 200, 20, 2, 20, 20, 2, 14, 3, 3, 80, 20, 14, 50, 1.5): Any alert() function call","{""key"":""5IqlmwJFdchvjcFuM_QB-eYxSEgv1mhWkER6AnpMFIg"",""ticker"":""MU"",""indicator"":""MACD_12_26"",""value"":-16.56,""signal"":""bullish"",""metadata"":{""condition"":""MACD bullish signal cross"",""histogram"":0.75},""tf"":""240"",""time"":1775136600000}",2026-04-02T17:30:03Z,Webhook delivery failed — request took too long and timed out
4334106726,"BATS:ABAT, 4h","H-SCREEN (5IqlmwJFdchvjcFuM_QB-eYxSEgv1mhWkER6AnpMFIg, 14, 70, 30, 12, 26, 9, 9, 21, 50, 200, 20, 2, 20, 20, 2, 14, 3, 3, 80, 20, 14, 50, 1.5): Any alert() function call","{""key"":""5IqlmwJFdchvjcFuM_QB-eYxSEgv1mhWkER6AnpMFIg"",""ticker"":""ABAT"",""indicator"":""VWAP"",""value"":2.7,""signal"":""bullish"",""metadata"":{""condition"":""Price crossed above VWAP""},""tf"":""240"",""time"":1775136600000}",2026-04-02T17:30:02Z,Webhook delivery failed — request took too long and timed out
4333394878,"BATS:ABAT, 4h","H-VIX (EdkkG9RhaH5ZldZkmsX0Dq7pQZn-BT5q_VFZZ13mpX0, 15, 20, 30, 3, 25, 18, 20, 25, 10, 252, 80, 20): Any alert() function call","{""key"":""EdkkG9RhaH5ZldZkmsX0Dq7pQZn-BT5q_VFZZ13mpX0"",""ticker"":""VIX"",""indicator"":""VIX_TERM"",""value"":25.43,""signal"":""bearish"",""metadata"":{""condition"":""VIX term structure flipped to backwardation — acute fear"",""vix_front"":25.43,""vix_3m"":25.42},""tf"":""240"",""time"":1775136600000}",2026-04-02T17:30:02Z,Webhook delivery failed — request took too long and timed out
4334106726,"BATS:ABAT, 4h","H-SCREEN (5IqlmwJFdchvjcFuM_QB-eYxSEgv1mhWkER6AnpMFIg, 14, 70, 30, 12, 26, 9, 9, 21, 50, 200, 20, 2, 20, 20, 2, 14, 3, 3, 80, 20, 14, 50, 1.5): Any alert() function call","{""key"":""5IqlmwJFdchvjcFuM_QB-eYxSEgv1mhWkER6AnpMFIg"",""ticker"":""ABAT"",""indicator"":""STOCH_RSI"",""value"":85.8,""signal"":""bearish"",""metadata"":{""condition"":""Stoch RSI bearish cross in overbought zone"",""k"":85.8,""d"":90.1},""tf"":""240"",""time"":1775136600000}",2026-04-02T17:30:02Z,Webhook delivery failed — request took too long and timed out
4317451253,"BATS:NVDA, 4h","H-SCREEN (5IqlmwJFdchvjcFuM_QB-eYxSEgv1mhWkER6AnpMFIg, 14, 70, 30, 12, 26, 9, 9, 21, 50, 200, 20, 2, 20, 20, 2, 14, 3, 3, 80, 20, 14, 50, 1.5): Any alert() function call","{""key"":""5IqlmwJFdchvjcFuM_QB-eYxSEgv1mhWkER6AnpMFIg"",""ticker"":""NVDA"",""indicator"":""VWAP"",""value"":175.1,""signal"":""bullish"",""metadata"":{""condition"":""Price crossed above VWAP""},""tf"":""240"",""time"":1775136600000}",2026-04-02T17:30:01Z,Webhook delivery failed — request took too long and timed out
4334105567,"BATS:AAPL, 4h","H-SCREEN (5IqlmwJFdchvjcFuM_QB-eYxSEgv1mhWkER6AnpMFIg, 14, 70, 30, 12, 26, 9, 9, 21, 50, 200, 20, 2, 20, 20, 2, 14, 3, 3, 80, 20, 14, 50, 1.5): Any alert() function call","{""key"":""5IqlmwJFdchvjcFuM_QB-eYxSEgv1mhWkER6AnpMFIg"",""ticker"":""AAPL"",""indicator"":""STOCH_RSI"",""value"":98.4,""signal"":""bearish"",""metadata"":{""condition"":""Stoch RSI bearish cross in overbought zone"",""k"":98.4,""d"":99.1},""tf"":""240"",""time"":1775136600000}",2026-04-02T17:30:01Z,Webhook delivery failed — 422 Unprocessable Content
4334107412,"BATS:GOOG, 4h","H-SCREEN (5IqlmwJFdchvjcFuM_QB-eYxSEgv1mhWkER6AnpMFIg, 14, 70, 30, 12, 26, 9, 9, 21, 50, 200, 20, 2, 20, 20, 2, 14, 3, 3, 80, 20, 14, 50, 1.5): Any alert() function call","{""key"":""5IqlmwJFdchvjcFuM_QB-eYxSEgv1mhWkER6AnpMFIg"",""ticker"":""GOOG"",""indicator"":""STOCH_RSI"",""value"":94.2,""signal"":""bearish"",""metadata"":{""condition"":""Stoch RSI bearish cross in overbought zone"",""k"":94.2,""d"":97.2},""tf"":""240"",""time"":1775136600000}",2026-04-02T17:30:01Z,Webhook delivery failed — 422 Unprocessable Content
4334107412,"BATS:GOOG, 4h","H-SCREEN (5IqlmwJFdchvjcFuM_QB-eYxSEgv1mhWkER6AnpMFIg, 14, 70, 30, 12, 26, 9, 9, 21, 50, 200, 20, 2, 20, 20, 2, 14, 3, 3, 80, 20, 14, 50, 1.5): Any alert() function call","{""key"":""5IqlmwJFdchvjcFuM_QB-eYxSEgv1mhWkER6AnpMFIg"",""ticker"":""GOOG"",""indicator"":""VWAP"",""value"":292.59,""signal"":""bullish"",""metadata"":{""condition"":""Price crossed above VWAP""},""tf"":""240"",""time"":1775136600000}",2026-04-02T17:30:01Z,Webhook delivery failed — 422 Unprocessable Content
4317467550,"BATS:SNDK, 4h","H-SCREEN (5IqlmwJFdchvjcFuM_QB-eYxSEgv1mhWkER6AnpMFIg, 14, 70, 30, 12, 26, 9, 9, 21, 50, 200, 20, 2, 20, 20, 2, 14, 3, 3, 80, 20, 14, 50, 1.5): Any alert() function call","{""key"":""5IqlmwJFdchvjcFuM_QB-eYxSEgv1mhWkER6AnpMFIg"",""ticker"":""SNDK"",""indicator"":""EMA_CROSS"",""value"":696.2,""signal"":""bullish"",""metadata"":{""condition"":""EMA 9 crossed above EMA 21""},""tf"":""240"",""time"":1775136600000}",2026-04-02T17:30:01Z,Webhook delivery failed — request took too long and timed out
4317467550,"BATS:SNDK, 4h","H-SCREEN (5IqlmwJFdchvjcFuM_QB-eYxSEgv1mhWkER6AnpMFIg, 14, 70, 30, 12, 26, 9, 9, 21, 50, 200, 20, 2, 20, 20, 2, 14, 3, 3, 80, 20, 14, 50, 1.5): Any alert() function call","{""key"":""5IqlmwJFdchvjcFuM_QB-eYxSEgv1mhWkER6AnpMFIg"",""ticker"":""SNDK"",""indicator"":""MACD_12_26"",""value"":0.15,""signal"":""bullish"",""metadata"":{""condition"":""MACD crossed above zero""},""tf"":""240"",""time"":1775136600000}",2026-04-02T17:30:01Z,Webhook delivery failed — request took too long and timed out
4333261741,"BATS:SPY, 4h","H-SCREEN (, 14, 70, 30, 12, 26, 9, 9, 21, 50, 200, 20, 2, 20, 20, 2, 14, 3, 3, 80, 20, 14, 50, 1.5): Any alert() function call","{""key"":"""",""ticker"":""SPY"",""indicator"":""VWAP"",""value"":652.66,""signal"":""bullish"",""metadata"":{""condition"":""Price crossed above VWAP""},""tf"":""240"",""time"":1775136600000}",2026-04-02T17:30:00Z,Webhook delivery failed — request took too long and timed out
4333261741,"BATS:SPY, 4h","H-SCREEN (, 14, 70, 30, 12, 26, 9, 9, 21, 50, 200, 20, 2, 20, 20, 2, 14, 3, 3, 80, 20, 14, 50, 1.5): Any alert() function call","{""key"":"""",""ticker"":""SPY"",""indicator"":""STOCH_RSI"",""value"":93.1,""signal"":""bearish"",""metadata"":{""condition"":""Stoch RSI bearish cross in overbought zone"",""k"":93.1,""d"":96.6},""tf"":""240"",""time"":1775136600000}",2026-04-02T17:30:00Z,Webhook delivery failed — request took too long and timed out
4333264087,"BATS:QQQ, 4h","H-SCREEN (, 14, 70, 30, 12, 26, 9, 9, 21, 50, 200, 20, 2, 20, 20, 2, 14, 3, 3, 80, 20, 14, 50, 1.5): Any alert() function call","{""key"":"""",""ticker"":""QQQ"",""indicator"":""STOCH_RSI"",""value"":93.7,""signal"":""bearish"",""metadata"":{""condition"":""Stoch RSI bearish cross in overbought zone"",""k"":93.7,""d"":96.4},""tf"":""240"",""time"":1775136600000}",2026-04-02T17:30:00Z,Webhook delivery failed — request took too long and timed out
4333264087,"BATS:QQQ, 4h","H-SCREEN (, 14, 70, 30, 12, 26, 9, 9, 21, 50, 200, 20, 2, 20, 20, 2, 14, 3, 3, 80, 20, 14, 50, 1.5): Any alert() function call","{""key"":"""",""ticker"":""QQQ"",""indicator"":""VWAP"",""value"":580.49,""signal"":""bullish"",""metadata"":{""condition"":""Price crossed above VWAP""},""tf"":""240"",""time"":1775136600000}",2026-04-02T17:30:00Z,Webhook delivery failed — request took too long and timed out
4333266299,"BATS:VUG, 4h","H-SCREEN (, 14, 70, 30, 12, 26, 9, 9, 21, 50, 200, 20, 2, 20, 20, 2, 14, 3, 3, 80, 20, 14, 50, 1.5): Any alert() function call","{""key"":"""",""ticker"":""VUG"",""indicator"":""VWAP"",""value"":438.63,""signal"":""bullish"",""metadata"":{""condition"":""Price crossed above VWAP""},""tf"":""240"",""time"":1775136600000}",2026-04-02T17:30:00Z,Webhook delivery failed — 422 Unprocessable Content
4333266299,"BATS:VUG, 4h","H-SCREEN (, 14, 70, 30, 12, 26, 9, 9, 21, 50, 200, 20, 2, 20, 20, 2, 14, 3, 3, 80, 20, 14, 50, 1.5): Any alert() function call","{""key"":"""",""ticker"":""VUG"",""indicator"":""STOCH_RSI"",""value"":93.4,""signal"":""bearish"",""metadata"":{""condition"":""Stoch RSI bearish cross in overbought zone"",""k"":93.4,""d"":96.8},""tf"":""240"",""time"":1775136600000}",2026-04-02T17:30:00Z,Webhook delivery failed — 422 Unprocessable Content
4317469564,"BATS:SNDK, 4h",,"Henry v3.8 (Robinhood, 21, 2, 3, 5, 0.5, -0.5, 0.02, 200, 10, 20, 20, 100, 14, 20, 75, 200, 1D, 1.4, 1.15, Risk-Based, 1, 45, 1,000, 14, 2, 5, 1, Momentum Fade, 0.3, 25, 0.1, 2, 9, 16, 1,2,3,4,5, 0.9, zxlv1Cmz9jUL29XyyP9kj3asP_y8LXwbu2BeptGILTk, henry-v38): order buy @ 3 filled on SNDK. New strategy position is 3",2026-04-02T13:30:02Z,Webhook delivery failed — 422 Unprocessable Content
4317500304,"BATS:SATL, 4h","H-SCREEN (5IqlmwJFdchvjcFuM_QB-eYxSEgv1mhWkER6AnpMFIg, 14, 70, 30, 12, 26, 9, 9, 21, 50, 200, 20, 2, 20, 20, 2, 14, 3, 3, 80, 20, 14, 50, 1.5): Any alert() function call","{""key"":""5IqlmwJFdchvjcFuM_QB-eYxSEgv1mhWkER6AnpMFIg"",""ticker"":""SATL"",""indicator"":""STOCH_RSI"",""value"":21,""signal"":""bullish"",""metadata"":{""condition"":""Stoch RSI exiting oversold""},""tf"":""240"",""time"":1775064600000}",2026-04-01T20:01:00Z,Webhook delivery failed — request took too long and timed out
4333266299,"BATS:VUG, 4h","H-SCREEN (, 14, 70, 30, 12, 26, 9, 9, 21, 50, 200, 20, 2, 20, 20, 2, 14, 3, 3, 80, 20, 14, 50, 1.5): Any alert() function call","{""key"":"""",""ticker"":""VUG"",""indicator"":""VWAP"",""value"":442.59,""signal"":""bearish"",""metadata"":{""condition"":""Price crossed below VWAP""},""tf"":""240"",""time"":1775064600000}",2026-04-01T20:01:00Z,Webhook delivery failed — request took too long and timed out
4317469564,"BATS:SNDK, 4h",,"{""key"":""zxlv1Cmz9jUL29XyyP9kj3asP_y8LXwbu2BeptGILTk"",""trader"":""henry-v38"",""signal"":""entry"",""dir"":""long"",""ticker"":""SNDK"",""price"":692.88,""qty"":3.15,""sig"":1.85,""adx"":18.7,""atr"":38.14,""stop"":597.5309093327,""tf"":""240"",""win_pct"":66.7,""total_trades"":6,""profit_factor"":1.03,""time"":""1775064600000""}",2026-04-01T20:00:01Z,Webhook delivery failed — request took too long and timed out
4317437530,"BATS:NOK, 4h","H-SCREEN (5IqlmwJFdchvjcFuM_QB-eYxSEgv1mhWkER6AnpMFIg, 14, 70, 30, 12, 26, 9, 9, 21, 50, 200, 20, 2, 20, 20, 2, 14, 3, 3, 80, 20, 14, 50, 1.5): Any alert() function call","{""key"":""5IqlmwJFdchvjcFuM_QB-eYxSEgv1mhWkER6AnpMFIg"",""ticker"":""NOK"",""indicator"":""MACD_12_26"",""value"":0.01,""signal"":""bullish"",""metadata"":{""condition"":""MACD crossed above zero""},""tf"":""240"",""time"":1775064600000}",2026-04-01T20:00:00Z,Webhook delivery failed — request took too long and timed out
4317510324,"BATS:ASTS, 4h","H-SCREEN (5IqlmwJFdchvjcFuM_QB-eYxSEgv1mhWkER6AnpMFIg, 14, 70, 30, 12, 26, 9, 9, 21, 50, 200, 20, 2, 20, 20, 2, 14, 3, 3, 80, 20, 14, 50, 1.5): Any alert() function call","{""key"":""5IqlmwJFdchvjcFuM_QB-eYxSEgv1mhWkER6AnpMFIg"",""ticker"":""ASTS"",""indicator"":""VWAP"",""value"":85.7,""signal"":""bearish"",""metadata"":{""condition"":""Price crossed below VWAP""},""tf"":""240"",""time"":1775064600000}",2026-04-01T20:00:00Z,Webhook delivery failed — request took too long and timed out
4317437530,"BATS:NOK, 4h","H-SCREEN (5IqlmwJFdchvjcFuM_QB-eYxSEgv1mhWkER6AnpMFIg, 14, 70, 30, 12, 26, 9, 9, 21, 50, 200, 20, 2, 20, 20, 2, 14, 3, 3, 80, 20, 14, 50, 1.5): Any alert() function call","{""key"":""5IqlmwJFdchvjcFuM_QB-eYxSEgv1mhWkER6AnpMFIg"",""ticker"":""NOK"",""indicator"":""EMA_CROSS"",""value"":8.28,""signal"":""bullish"",""metadata"":{""condition"":""EMA 9 crossed above EMA 21""},""tf"":""240"",""time"":1775064600000}",2026-04-01T20:00:00Z,Webhook delivery failed — request took too long and timed out
4317437530,"BATS:NOK, 4h","H-SCREEN (5IqlmwJFdchvjcFuM_QB-eYxSEgv1mhWkER6AnpMFIg, 14, 70, 30, 12, 26, 9, 9, 21, 50, 200, 20, 2, 20, 20, 2, 14, 3, 3, 80, 20, 14, 50, 1.5): Any alert() function call","{""key"":""5IqlmwJFdchvjcFuM_QB-eYxSEgv1mhWkER6AnpMFIg"",""ticker"":""NOK"",""indicator"":""VWAP"",""value"":8.31,""signal"":""bearish"",""metadata"":{""condition"":""Price crossed below VWAP""},""tf"":""240"",""time"":1775064600000}",2026-04-01T20:00:00Z,Webhook delivery failed — request took too long and timed out
4317451253,"BATS:NVDA, 4h","H-SCREEN (5IqlmwJFdchvjcFuM_QB-eYxSEgv1mhWkER6AnpMFIg, 14, 70, 30, 12, 26, 9, 9, 21, 50, 200, 20, 2, 20, 20, 2, 14, 3, 3, 80, 20, 14, 50, 1.5): Any alert() function call","{""key"":""5IqlmwJFdchvjcFuM_QB-eYxSEgv1mhWkER6AnpMFIg"",""ticker"":""NVDA"",""indicator"":""VWAP"",""value"":176.09,""signal"":""bearish"",""metadata"":{""condition"":""Price crossed below VWAP""},""tf"":""240"",""time"":1775064600000}",2026-04-01T20:00:00Z,Webhook delivery failed — request took too long and timed out
4317467550,"BATS:SNDK, 4h","H-SCREEN (5IqlmwJFdchvjcFuM_QB-eYxSEgv1mhWkER6AnpMFIg, 14, 70, 30, 12, 26, 9, 9, 21, 50, 200, 20, 2, 20, 20, 2, 14, 3, 3, 80, 20, 14, 50, 1.5): Any alert() function call","{""key"":""5IqlmwJFdchvjcFuM_QB-eYxSEgv1mhWkER6AnpMFIg"",""ticker"":""SNDK"",""indicator"":""MACD_12_26"",""value"":-3.79,""signal"":""bullish"",""metadata"":{""condition"":""MACD bullish signal cross"",""histogram"":2.44},""tf"":""240"",""time"":1775064600000}",2026-04-01T20:00:00Z,Webhook delivery failed — request took too long and timed out
4334105567,"BATS:AAPL, 4h","H-SCREEN (5IqlmwJFdchvjcFuM_QB-eYxSEgv1mhWkER6AnpMFIg, 14, 70, 30, 12, 26, 9, 9, 21, 50, 200, 20, 2, 20, 20, 2, 14, 3, 3, 80, 20, 14, 50, 1.5): Any alert() function call","{""key"":""5IqlmwJFdchvjcFuM_QB-eYxSEgv1mhWkER6AnpMFIg"",""ticker"":""AAPL"",""indicator"":""EMA_CROSS"",""value"":255.72,""signal"":""bullish"",""metadata"":{""condition"":""EMA 9 crossed above EMA 21""},""tf"":""240"",""time"":1775064600000}",2026-04-01T20:00:00Z,Webhook delivery failed — 422 Unprocessable Content
4317453417,"BATS:AMD, 4h","H-SCREEN (5IqlmwJFdchvjcFuM_QB-eYxSEgv1mhWkER6AnpMFIg, 14, 70, 30, 12, 26, 9, 9, 21, 50, 200, 20, 2, 20, 20, 2, 14, 3, 3, 80, 20, 14, 50, 1.5): Any alert() function call","{""key"":""5IqlmwJFdchvjcFuM_QB-eYxSEgv1mhWkER6AnpMFIg"",""ticker"":""AMD"",""indicator"":""VWAP"",""value"":210.67,""signal"":""bearish"",""metadata"":{""condition"":""Price crossed below VWAP""},""tf"":""240"",""time"":1775064600000}",2026-04-01T20:00:00Z,Webhook delivery failed — request took too long and timed out
4334107412,"BATS:GOOG, 4h","H-SCREEN (5IqlmwJFdchvjcFuM_QB-eYxSEgv1mhWkER6AnpMFIg, 14, 70, 30, 12, 26, 9, 9, 21, 50, 200, 20, 2, 20, 20, 2, 14, 3, 3, 80, 20, 14, 50, 1.5): Any alert() function call","{""key"":""5IqlmwJFdchvjcFuM_QB-eYxSEgv1mhWkER6AnpMFIg"",""ticker"":""GOOG"",""indicator"":""DEATH_CROSS"",""value"":294.97,""signal"":""bearish"",""metadata"":{""condition"":""EMA 50 crossed below EMA 200 (Death Cross)""},""tf"":""240"",""time"":1775064600000}",2026-04-01T20:00:00Z,Webhook delivery failed — 422 Unprocessable Content
4334107412,"BATS:GOOG, 4h","H-SCREEN (5IqlmwJFdchvjcFuM_QB-eYxSEgv1mhWkER6AnpMFIg, 14, 70, 30, 12, 26, 9, 9, 21, 50, 200, 20, 2, 20, 20, 2, 14, 3, 3, 80, 20, 14, 50, 1.5): Any alert() function call","{""key"":""5IqlmwJFdchvjcFuM_QB-eYxSEgv1mhWkER6AnpMFIg"",""ticker"":""GOOG"",""indicator"":""VWAP"",""value"":295.15,""signal"":""bearish"",""metadata"":{""condition"":""Price crossed below VWAP""},""tf"":""240"",""time"":1775064600000}",2026-04-01T20:00:00Z,Webhook delivery failed — 422 Unprocessable Content
4333264087,"BATS:QQQ, 4h","H-SCREEN (, 14, 70, 30, 12, 26, 9, 9, 21, 50, 200, 20, 2, 20, 20, 2, 14, 3, 3, 80, 20, 14, 50, 1.5): Any alert() function call","{""key"":"""",""ticker"":""QQQ"",""indicator"":""VWAP"",""value"":584.95,""signal"":""bearish"",""metadata"":{""condition"":""Price crossed below VWAP""},""tf"":""240"",""time"":1775064600000}",2026-04-01T20:00:00Z,Webhook delivery failed — request took too long and timed out
4333261741,"BATS:SPY, 4h","H-SCREEN (, 14, 70, 30, 12, 26, 9, 9, 21, 50, 200, 20, 2, 20, 20, 2, 14, 3, 3, 80, 20, 14, 50, 1.5): Any alert() function call","{""key"":"""",""ticker"":""SPY"",""indicator"":""VWAP"",""value"":656.23,""signal"":""bearish"",""metadata"":{""condition"":""Price crossed below VWAP""},""tf"":""240"",""time"":1775064600000}",2026-04-01T20:00:00Z,Webhook delivery failed — request took too long and timed out
4334107359,"BATS:CIFR, 4h","H-SCREEN (5IqlmwJFdchvjcFuM_QB-eYxSEgv1mhWkER6AnpMFIg, 14, 70, 30, 12, 26, 9, 9, 21, 50, 200, 20, 2, 20, 20, 2, 14, 3, 3, 80, 20, 14, 50, 1.5): Any alert() function call","{""key"":""5IqlmwJFdchvjcFuM_QB-eYxSEgv1mhWkER6AnpMFIg"",""ticker"":""CIFR"",""indicator"":""VWAP"",""value"":13.14,""signal"":""bearish"",""metadata"":{""condition"":""Price crossed below VWAP""},""tf"":""240"",""time"":1775050200000}",2026-04-01T17:30:20Z,Webhook delivery failed — request took too long and timed out
4334107359,"BATS:CIFR, 4h","H-SCREEN (5IqlmwJFdchvjcFuM_QB-eYxSEgv1mhWkER6AnpMFIg, 14, 70, 30, 12, 26, 9, 9, 21, 50, 200, 20, 2, 20, 20, 2, 14, 3, 3, 80, 20, 14, 50, 1.5): Any alert() function call","{""key"":""5IqlmwJFdchvjcFuM_QB-eYxSEgv1mhWkER6AnpMFIg"",""ticker"":""CIFR"",""indicator"":""STOCH_RSI"",""value"":29.2,""signal"":""bullish"",""metadata"":{""condition"":""Stoch RSI exiting oversold""},""tf"":""240"",""time"":1775050200000}",2026-04-01T17:30:20Z,Webhook delivery failed — request took too long and timed out
4317437530,"BATS:NOK, 4h","H-SCREEN (5IqlmwJFdchvjcFuM_QB-eYxSEgv1mhWkER6AnpMFIg, 14, 70, 30, 12, 26, 9, 9, 21, 50, 200, 20, 2, 20, 20, 2, 14, 3, 3, 80, 20, 14, 50, 1.5): Any alert() function call","{""key"":""5IqlmwJFdchvjcFuM_QB-eYxSEgv1mhWkER6AnpMFIg"",""ticker"":""NOK"",""indicator"":""STOCH_RSI"",""value"":45.5,""signal"":""bullish"",""metadata"":{""condition"":""Stoch RSI exiting oversold""},""tf"":""240"",""time"":1775050200000}",2026-04-01T17:30:18Z,Webhook delivery failed — request took too long and timed out
4317474429,"BATS:BITF, 4h","H-SCREEN (5IqlmwJFdchvjcFuM_QB-eYxSEgv1mhWkER6AnpMFIg, 14, 70, 30, 12, 26, 9, 9, 21, 50, 200, 20, 2, 20, 20, 2, 14, 3, 3, 80, 20, 14, 50, 1.5): Any alert() function call","{""key"":""5IqlmwJFdchvjcFuM_QB-eYxSEgv1mhWkER6AnpMFIg"",""ticker"":""BITF"",""indicator"":""VWAP"",""value"":1.98,""signal"":""bearish"",""metadata"":{""condition"":""Price crossed below VWAP""},""tf"":""240"",""time"":1775050200000}",2026-04-01T17:30:15Z,Webhook delivery failed — request took too long and timed out
4334106726,"BATS:ABAT, 4h","H-SCREEN (5IqlmwJFdchvjcFuM_QB-eYxSEgv1mhWkER6AnpMFIg, 14, 70, 30, 12, 26, 9, 9, 21, 50, 200, 20, 2, 20, 20, 2, 14, 3, 3, 80, 20, 14, 50, 1.5): Any alert() function call","{""key"":""5IqlmwJFdchvjcFuM_QB-eYxSEgv1mhWkER6AnpMFIg"",""ticker"":""ABAT"",""indicator"":""VWAP"",""value"":2.82,""signal"":""bearish"",""metadata"":{""condition"":""Price crossed below VWAP""},""tf"":""240"",""time"":1775050200000}",2026-04-01T17:30:10Z,Webhook delivery failed — 422 Unprocessable Content
4334106726,"BATS:ABAT, 4h","H-SCREEN (5IqlmwJFdchvjcFuM_QB-eYxSEgv1mhWkER6AnpMFIg, 14, 70, 30, 12, 26, 9, 9, 21, 50, 200, 20, 2, 20, 20, 2, 14, 3, 3, 80, 20, 14, 50, 1.5): Any alert() function call","{""key"":""5IqlmwJFdchvjcFuM_QB-eYxSEgv1mhWkER6AnpMFIg"",""ticker"":""ABAT"",""indicator"":""BOLL_SQUEEZE"",""value"":0.58,""signal"":""neutral"",""metadata"":{""condition"":""Bollinger Band squeeze detected — breakout imminent""},""tf"":""240"",""time"":1775050200000}",2026-04-01T17:30:10Z,Webhook delivery failed — request took too long and timed out
4333266299,"BATS:VUG, 4h","H-SCREEN (, 14, 70, 30, 12, 26, 9, 9, 21, 50, 200, 20, 2, 20, 20, 2, 14, 3, 3, 80, 20, 14, 50, 1.5): Any alert() function call","{""key"":"""",""ticker"":""VUG"",""indicator"":""MACD_12_26"",""value"":-5.68,""signal"":""bullish"",""metadata"":{""condition"":""MACD bullish signal cross"",""histogram"":1.03},""tf"":""240"",""time"":1775050200000}",2026-04-01T17:30:03Z,Webhook delivery failed — 422 Unprocessable Content
4333266299,"BATS:VUG, 4h","H-SCREEN (, 14, 70, 30, 12, 26, 9, 9, 21, 50, 200, 20, 2, 20, 20, 2, 14, 3, 3, 80, 20, 14, 50, 1.5): Any alert() function call","{""key"":"""",""ticker"":""VUG"",""indicator"":""VOL_SPIKE"",""value"":2,""signal"":""bullish"",""metadata"":{""condition"":""Bullish volume spike at 2x average"",""volume"":128396},""tf"":""240"",""time"":1775050200000}",2026-04-01T17:30:03Z,Webhook delivery failed — 422 Unprocessable Content
4317500304,"BATS:SATL, 4h","H-SCREEN (5IqlmwJFdchvjcFuM_QB-eYxSEgv1mhWkER6AnpMFIg, 14, 70, 30, 12, 26, 9, 9, 21, 50, 200, 20, 2, 20, 20, 2, 14, 3, 3, 80, 20, 14, 50, 1.5): Any alert() function call","{""key"":""5IqlmwJFdchvjcFuM_QB-eYxSEgv1mhWkER6AnpMFIg"",""ticker"":""SATL"",""indicator"":""STOCH_RSI"",""value"":19.7,""signal"":""bullish"",""metadata"":{""condition"":""Stoch RSI bullish cross in oversold zone"",""k"":19.7,""d"":12.8},""tf"":""240"",""time"":1775050200000}",2026-04-01T17:30:01Z,Webhook delivery failed — request took too long and timed out
4317500304,"BATS:SATL, 4h","H-SCREEN (5IqlmwJFdchvjcFuM_QB-eYxSEgv1mhWkER6AnpMFIg, 14, 70, 30, 12, 26, 9, 9, 21, 50, 200, 20, 2, 20, 20, 2, 14, 3, 3, 80, 20, 14, 50, 1.5): Any alert() function call","{""key"":""5IqlmwJFdchvjcFuM_QB-eYxSEgv1mhWkER6AnpMFIg"",""ticker"":""SATL"",""indicator"":""VWAP"",""value"":5.79,""signal"":""bearish"",""metadata"":{""condition"":""Price crossed below VWAP""},""tf"":""240"",""time"":1775050200000}",2026-04-01T17:30:01Z,Webhook delivery failed — request took too long and timed out
4317453417,"BATS:AMD, 4h","H-SCREEN (5IqlmwJFdchvjcFuM_QB-eYxSEgv1mhWkER6AnpMFIg, 14, 70, 30, 12, 26, 9, 9, 21, 50, 200, 20, 2, 20, 20, 2, 14, 3, 3, 80, 20, 14, 50, 1.5): Any alert() function call","{""key"":""5IqlmwJFdchvjcFuM_QB-eYxSEgv1mhWkER6AnpMFIg"",""ticker"":""AMD"",""indicator"":""STOCH_RSI"",""value"":38.7,""signal"":""bullish"",""metadata"":{""condition"":""Stoch RSI exiting oversold""},""tf"":""240"",""time"":1775050200000}",2026-04-01T17:30:01Z,Webhook delivery failed — request took too long and timed out
4317453417,"BATS:AMD, 4h","H-SCREEN (5IqlmwJFdchvjcFuM_QB-eYxSEgv1mhWkER6AnpMFIg, 14, 70, 30, 12, 26, 9, 9, 21, 50, 200, 20, 2, 20, 20, 2, 14, 3, 3, 80, 20, 14, 50, 1.5): Any alert() function call","{""key"":""5IqlmwJFdchvjcFuM_QB-eYxSEgv1mhWkER6AnpMFIg"",""ticker"":""AMD"",""indicator"":""EMA_CROSS"",""value"":212.47,""signal"":""bullish"",""metadata"":{""condition"":""EMA 9 crossed above EMA 21""},""tf"":""240"",""time"":1775050200000}",2026-04-01T17:30:01Z,Webhook delivery failed — request took too long and timed out
4317453417,"BATS:AMD, 4h","H-SCREEN (5IqlmwJFdchvjcFuM_QB-eYxSEgv1mhWkER6AnpMFIg, 14, 70, 30, 12, 26, 9, 9, 21, 50, 200, 20, 2, 20, 20, 2, 14, 3, 3, 80, 20, 14, 50, 1.5): Any alert() function call","{""key"":""5IqlmwJFdchvjcFuM_QB-eYxSEgv1mhWkER6AnpMFIg"",""ticker"":""AMD"",""indicator"":""MACD_12_26"",""value"":0.81,""signal"":""bullish"",""metadata"":{""condition"":""MACD bullish signal cross"",""histogram"":0.13},""tf"":""240"",""time"":1775050200000}",2026-04-01T17:30:01Z,Webhook delivery failed — request took too long and timed out
4333264087,"BATS:QQQ, 4h","H-SCREEN (, 14, 70, 30, 12, 26, 9, 9, 21, 50, 200, 20, 2, 20, 20, 2, 14, 3, 3, 80, 20, 14, 50, 1.5): Any alert() function call","{""key"":"""",""ticker"":""QQQ"",""indicator"":""MACD_12_26"",""value"":-6.56,""signal"":""bullish"",""metadata"":{""condition"":""MACD bullish signal cross"",""histogram"":1.01},""tf"":""240"",""time"":1775050200000}",2026-04-01T17:30:00Z,Webhook delivery failed — request took too long and timed out
4317451253,"BATS:NVDA, 4h","H-SCREEN (5IqlmwJFdchvjcFuM_QB-eYxSEgv1mhWkER6AnpMFIg, 14, 70, 30, 12, 26, 9, 9, 21, 50, 200, 20, 2, 20, 20, 2, 14, 3, 3, 80, 20, 14, 50, 1.5): Any alert() function call","{""key"":""5IqlmwJFdchvjcFuM_QB-eYxSEgv1mhWkER6AnpMFIg"",""ticker"":""NVDA"",""indicator"":""MACD_12_26"",""value"":-2.42,""signal"":""bullish"",""metadata"":{""condition"":""MACD bullish signal cross"",""histogram"":0.46},""tf"":""240"",""time"":1775050200000}",2026-04-01T17:30:00Z,Webhook delivery failed — request took too long and timed out
4334107412,"BATS:GOOG, 4h","H-SCREEN (5IqlmwJFdchvjcFuM_QB-eYxSEgv1mhWkER6AnpMFIg, 14, 70, 30, 12, 26, 9, 9, 21, 50, 200, 20, 2, 20, 20, 2, 14, 3, 3, 80, 20, 14, 50, 1.5): Any alert() function call","{""key"":""5IqlmwJFdchvjcFuM_QB-eYxSEgv1mhWkER6AnpMFIg"",""ticker"":""GOOG"",""indicator"":""MACD_12_26"",""value"":-4.96,""signal"":""bullish"",""metadata"":{""condition"":""MACD bullish signal cross"",""histogram"":1.05},""tf"":""240"",""time"":1775050200000}",2026-04-01T17:30:00Z,Webhook delivery failed — 422 Unprocessable Content
4317510324,"BATS:ASTS, 4h","H-SCREEN (5IqlmwJFdchvjcFuM_QB-eYxSEgv1mhWkER6AnpMFIg, 14, 70, 30, 12, 26, 9, 9, 21, 50, 200, 20, 2, 20, 20, 2, 14, 3, 3, 80, 20, 14, 50, 1.5): Any alert() function call","{""key"":""5IqlmwJFdchvjcFuM_QB-eYxSEgv1mhWkER6AnpMFIg"",""ticker"":""ASTS"",""indicator"":""STOCH_RSI"",""value"":33.1,""signal"":""bullish"",""metadata"":{""condition"":""Stoch RSI exiting oversold""},""tf"":""240"",""time"":1774978200000}",2026-03-31T20:00:50Z,Webhook successfully delivered
4317474429,"BATS:BITF, 4h","H-SCREEN (5IqlmwJFdchvjcFuM_QB-eYxSEgv1mhWkER6AnpMFIg, 14, 70, 30, 12, 26, 9, 9, 21, 50, 200, 20, 2, 20, 20, 2, 14, 3, 3, 80, 20, 14, 50, 1.5): Any alert() function call","{""key"":""5IqlmwJFdchvjcFuM_QB-eYxSEgv1mhWkER6AnpMFIg"",""ticker"":""BITF"",""indicator"":""STOCH_RSI"",""value"":26.7,""signal"":""bullish"",""metadata"":{""condition"":""Stoch RSI exiting oversold""},""tf"":""240"",""time"":1774978200000}",2026-03-31T20:00:01Z,Webhook successfully delivered
4317452705,"BATS:MU, 4h","H-SCREEN (5IqlmwJFdchvjcFuM_QB-eYxSEgv1mhWkER6AnpMFIg, 14, 70, 30, 12, 26, 9, 9, 21, 50, 200, 20, 2, 20, 20, 2, 14, 3, 3, 80, 20, 14, 50, 1.5): Any alert() function call","{""key"":""5IqlmwJFdchvjcFuM_QB-eYxSEgv1mhWkER6AnpMFIg"",""ticker"":""MU"",""indicator"":""STOCH_RSI"",""value"":20.6,""signal"":""bullish"",""metadata"":{""condition"":""Stoch RSI exiting oversold""},""tf"":""240"",""time"":1774978200000}",2026-03-31T20:00:00Z,Webhook successfully delivered
4317452705,"BATS:MU, 4h","H-SCREEN (5IqlmwJFdchvjcFuM_QB-eYxSEgv1mhWkER6AnpMFIg, 14, 70, 30, 12, 26, 9, 9, 21, 50, 200, 20, 2, 20, 20, 2, 14, 3, 3, 80, 20, 14, 50, 1.5): Any alert() function call","{""key"":""5IqlmwJFdchvjcFuM_QB-eYxSEgv1mhWkER6AnpMFIg"",""ticker"":""MU"",""indicator"":""RSI_14"",""value"":32.4,""signal"":""bullish"",""metadata"":{""condition"":""RSI exiting oversold""},""tf"":""240"",""time"":1774978200000}",2026-03-31T20:00:00Z,Webhook successfully delivered
4333394878,"BATS:ABAT, 4h","H-VIX (EdkkG9RhaH5ZldZkmsX0Dq7pQZn-BT5q_VFZZ13mpX0, 15, 20, 30, 3, 25, 18, 20, 25, 10, 252, 80, 20): Any alert() function call","{""key"":""EdkkG9RhaH5ZldZkmsX0Dq7pQZn-BT5q_VFZZ13mpX0"",""ticker"":""VIX"",""indicator"":""VIX_TERM"",""value"":25.44,""signal"":""bullish"",""metadata"":{""condition"":""VIX term structure returned to contango — fear subsiding"",""vix_front"":25.44,""vix_3m"":25.72},""tf"":""240"",""time"":1774978200000}",2026-03-31T20:00:00Z,Webhook delivery failed — 422 Unprocessable Content
4317453417,"BATS:AMD, 4h","H-SCREEN (5IqlmwJFdchvjcFuM_QB-eYxSEgv1mhWkER6AnpMFIg, 14, 70, 30, 12, 26, 9, 9, 21, 50, 200, 20, 2, 20, 20, 2, 14, 3, 3, 80, 20, 14, 50, 1.5): Any alert() function call","{""key"":""5IqlmwJFdchvjcFuM_QB-eYxSEgv1mhWkER6AnpMFIg"",""ticker"":""AMD"",""indicator"":""MACD_12_26"",""value"":0.02,""signal"":""bullish"",""metadata"":{""condition"":""MACD crossed above zero""},""tf"":""240"",""time"":1774978200000}",2026-03-31T20:00:00Z,Webhook delivery failed — request took too long and timed out
4317467550,"BATS:SNDK, 4h","H-SCREEN (5IqlmwJFdchvjcFuM_QB-eYxSEgv1mhWkER6AnpMFIg, 14, 70, 30, 12, 26, 9, 9, 21, 50, 200, 20, 2, 20, 20, 2, 14, 3, 3, 80, 20, 14, 50, 1.5): Any alert() function call","{""key"":""5IqlmwJFdchvjcFuM_QB-eYxSEgv1mhWkER6AnpMFIg"",""ticker"":""SNDK"",""indicator"":""STOCH_RSI"",""value"":39.2,""signal"":""bullish"",""metadata"":{""condition"":""Stoch RSI exiting oversold""},""tf"":""240"",""time"":1774978200000}",2026-03-31T20:00:00Z,Webhook delivery failed — request took too long and timed out
4333261741,"BATS:SPY, 4h","H-SCREEN (, 14, 70, 30, 12, 26, 9, 9, 21, 50, 200, 20, 2, 20, 20, 2, 14, 3, 3, 80, 20, 14, 50, 1.5): Any alert() function call","{""key"":"""",""ticker"":""SPY"",""indicator"":""MACD_12_26"",""value"":-7.49,""signal"":""bullish"",""metadata"":{""condition"":""MACD bullish signal cross"",""histogram"":0.29},""tf"":""240"",""time"":1774978200000}",2026-03-31T20:00:00Z,Webhook delivery failed — request took too long and timed out
4333266299,"BATS:VUG, 4h","H-SCREEN (, 14, 70, 30, 12, 26, 9, 9, 21, 50, 200, 20, 2, 20, 20, 2, 14, 3, 3, 80, 20, 14, 50, 1.5): Any alert() function call","{""key"":"""",""ticker"":""VUG"",""indicator"":""VWAP"",""value"":432.19,""signal"":""bullish"",""metadata"":{""condition"":""Price crossed above VWAP""},""tf"":""240"",""time"":1774963800000}",2026-03-31T17:30:34Z,Webhook delivery failed — request took too long and timed out
4333266299,"BATS:VUG, 4h","H-SCREEN (, 14, 70, 30, 12, 26, 9, 9, 21, 50, 200, 20, 2, 20, 20, 2, 14, 3, 3, 80, 20, 14, 50, 1.5): Any alert() function call","{""key"":"""",""ticker"":""VUG"",""indicator"":""STOCH_RSI"",""value"":33.3,""signal"":""bullish"",""metadata"":{""condition"":""Stoch RSI exiting oversold""},""tf"":""240"",""time"":1774963800000}",2026-03-31T17:30:34Z,Webhook delivery failed — request took too long and timed out
4333266299,"BATS:VUG, 4h","H-SCREEN (, 14, 70, 30, 12, 26, 9, 9, 21, 50, 200, 20, 2, 20, 20, 2, 14, 3, 3, 80, 20, 14, 50, 1.5): Any alert() function call","{""key"":"""",""ticker"":""VUG"",""indicator"":""RSI_14"",""value"":43.9,""signal"":""bullish"",""metadata"":{""condition"":""RSI exiting oversold""},""tf"":""240"",""time"":1774963800000}",2026-03-31T17:30:34Z,Webhook delivery failed — request took too long and timed out
4317474429,"BATS:BITF, 4h","H-SCREEN (5IqlmwJFdchvjcFuM_QB-eYxSEgv1mhWkER6AnpMFIg, 14, 70, 30, 12, 26, 9, 9, 21, 50, 200, 20, 2, 20, 20, 2, 14, 3, 3, 80, 20, 14, 50, 1.5): Any alert() function call","{""key"":""5IqlmwJFdchvjcFuM_QB-eYxSEgv1mhWkER6AnpMFIg"",""ticker"":""BITF"",""indicator"":""BOLL_20"",""value"":1.94,""signal"":""bullish"",""metadata"":{""condition"":""Price rejected from lower Bollinger Band""},""tf"":""240"",""time"":1774963800000}",2026-03-31T17:30:03Z,Webhook delivery failed — request took too long and timed out
4317474429,"BATS:BITF, 4h","H-SCREEN (5IqlmwJFdchvjcFuM_QB-eYxSEgv1mhWkER6AnpMFIg, 14, 70, 30, 12, 26, 9, 9, 21, 50, 200, 20, 2, 20, 20, 2, 14, 3, 3, 80, 20, 14, 50, 1.5): Any alert() function call","{""key"":""5IqlmwJFdchvjcFuM_QB-eYxSEgv1mhWkER6AnpMFIg"",""ticker"":""BITF"",""indicator"":""VWAP"",""value"":1.92,""signal"":""bullish"",""metadata"":{""condition"":""Price crossed above VWAP""},""tf"":""240"",""time"":1774963800000}",2026-03-31T17:30:03Z,Webhook delivery failed — request took too long and timed out
4317510324,"BATS:ASTS, 4h","H-SCREEN (5IqlmwJFdchvjcFuM_QB-eYxSEgv1mhWkER6AnpMFIg, 14, 70, 30, 12, 26, 9, 9, 21, 50, 200, 20, 2, 20, 20, 2, 14, 3, 3, 80, 20, 14, 50, 1.5): Any alert() function call","{""key"":""5IqlmwJFdchvjcFuM_QB-eYxSEgv1mhWkER6AnpMFIg"",""ticker"":""ASTS"",""indicator"":""STOCH_RSI"",""value"":15.8,""signal"":""bullish"",""metadata"":{""condition"":""Stoch RSI bullish cross in oversold zone"",""k"":15.8,""d"":5.4},""tf"":""240"",""time"":1774963800000}",2026-03-31T17:30:02Z,Webhook delivery failed — request took too long and timed out
4334107359,"BATS:CIFR, 4h","H-SCREEN (5IqlmwJFdchvjcFuM_QB-eYxSEgv1mhWkER6AnpMFIg, 14, 70, 30, 12, 26, 9, 9, 21, 50, 200, 20, 2, 20, 20, 2, 14, 3, 3, 80, 20, 14, 50, 1.5): Any alert() function call","{""key"":""5IqlmwJFdchvjcFuM_QB-eYxSEgv1mhWkER6AnpMFIg"",""ticker"":""CIFR"",""indicator"":""VWAP"",""value"":12.38,""signal"":""bullish"",""metadata"":{""condition"":""Price crossed above VWAP""},""tf"":""240"",""time"":1774963800000}",2026-03-31T17:30:02Z,Webhook delivery failed — 422 Unprocessable Content
4317437530,"BATS:NOK, 4h","H-SCREEN (5IqlmwJFdchvjcFuM_QB-eYxSEgv1mhWkER6AnpMFIg, 14, 70, 30, 12, 26, 9, 9, 21, 50, 200, 20, 2, 20, 20, 2, 14, 3, 3, 80, 20, 14, 50, 1.5): Any alert() function call","{""key"":""5IqlmwJFdchvjcFuM_QB-eYxSEgv1mhWkER6AnpMFIg"",""ticker"":""NOK"",""indicator"":""STOCH_RSI"",""value"":10.5,""signal"":""bullish"",""metadata"":{""condition"":""Stoch RSI bullish cross in oversold zone"",""k"":10.5,""d"":9.7},""tf"":""240"",""time"":1774963800000}",2026-03-31T17:30:02Z,Webhook delivery failed — request took too long and timed out
4334106726,"BATS:ABAT, 4h","H-SCREEN (5IqlmwJFdchvjcFuM_QB-eYxSEgv1mhWkER6AnpMFIg, 14, 70, 30, 12, 26, 9, 9, 21, 50, 200, 20, 2, 20, 20, 2, 14, 3, 3, 80, 20, 14, 50, 1.5): Any alert() function call","{""key"":""5IqlmwJFdchvjcFuM_QB-eYxSEgv1mhWkER6AnpMFIg"",""ticker"":""ABAT"",""indicator"":""VWAP"",""value"":2.74,""signal"":""bullish"",""metadata"":{""condition"":""Price crossed above VWAP""},""tf"":""240"",""time"":1774963800000}",2026-03-31T17:30:02Z,Webhook delivery failed — 422 Unprocessable Content
4317510324,"BATS:ASTS, 4h","H-SCREEN (5IqlmwJFdchvjcFuM_QB-eYxSEgv1mhWkER6AnpMFIg, 14, 70, 30, 12, 26, 9, 9, 21, 50, 200, 20, 2, 20, 20, 2, 14, 3, 3, 80, 20, 14, 50, 1.5): Any alert() function call","{""key"":""5IqlmwJFdchvjcFuM_QB-eYxSEgv1mhWkER6AnpMFIg"",""ticker"":""ASTS"",""indicator"":""BOLL_20"",""value"":81.72,""signal"":""bullish"",""metadata"":{""condition"":""Price rejected from lower Bollinger Band""},""tf"":""240"",""time"":1774963800000}",2026-03-31T17:30:02Z,Webhook delivery failed — request took too long and timed out
4317510324,"BATS:ASTS, 4h","H-SCREEN (5IqlmwJFdchvjcFuM_QB-eYxSEgv1mhWkER6AnpMFIg, 14, 70, 30, 12, 26, 9, 9, 21, 50, 200, 20, 2, 20, 20, 2, 14, 3, 3, 80, 20, 14, 50, 1.5): Any alert() function call","{""key"":""5IqlmwJFdchvjcFuM_QB-eYxSEgv1mhWkER6AnpMFIg"",""ticker"":""ASTS"",""indicator"":""VWAP"",""value"":79.99,""signal"":""bullish"",""metadata"":{""condition"":""Price crossed above VWAP""},""tf"":""240"",""time"":1774963800000}",2026-03-31T17:30:02Z,Webhook delivery failed — request took too long and timed out
4317500304,"BATS:SATL, 4h","H-SCREEN (5IqlmwJFdchvjcFuM_QB-eYxSEgv1mhWkER6AnpMFIg, 14, 70, 30, 12, 26, 9, 9, 21, 50, 200, 20, 2, 20, 20, 2, 14, 3, 3, 80, 20, 14, 50, 1.5): Any alert() function call","{""key"":""5IqlmwJFdchvjcFuM_QB-eYxSEgv1mhWkER6AnpMFIg"",""ticker"":""SATL"",""indicator"":""VWAP"",""value"":5.28,""signal"":""bullish"",""metadata"":{""condition"":""Price crossed above VWAP""},""tf"":""240"",""time"":1774963800000}",2026-03-31T17:30:02Z,Webhook delivery failed — request took too long and timed out
4334107359,"BATS:CIFR, 4h","H-SCREEN (5IqlmwJFdchvjcFuM_QB-eYxSEgv1mhWkER6AnpMFIg, 14, 70, 30, 12, 26, 9, 9, 21, 50, 200, 20, 2, 20, 20, 2, 14, 3, 3, 80, 20, 14, 50, 1.5): Any alert() function call","{""key"":""5IqlmwJFdchvjcFuM_QB-eYxSEgv1mhWkER6AnpMFIg"",""ticker"":""CIFR"",""indicator"":""STOCH_RSI"",""value"":7.1,""signal"":""bullish"",""metadata"":{""condition"":""Stoch RSI bullish cross in oversold zone"",""k"":7.1,""d"":4.7},""tf"":""240"",""time"":1774963800000}",2026-03-31T17:30:02Z,Webhook delivery failed — 422 Unprocessable Content
4334107359,"BATS:CIFR, 4h","H-SCREEN (5IqlmwJFdchvjcFuM_QB-eYxSEgv1mhWkER6AnpMFIg, 14, 70, 30, 12, 26, 9, 9, 21, 50, 200, 20, 2, 20, 20, 2, 14, 3, 3, 80, 20, 14, 50, 1.5): Any alert() function call","{""key"":""5IqlmwJFdchvjcFuM_QB-eYxSEgv1mhWkER6AnpMFIg"",""ticker"":""CIFR"",""indicator"":""BOLL_20"",""value"":12.63,""signal"":""bullish"",""metadata"":{""condition"":""Price rejected from lower Bollinger Band""},""tf"":""240"",""time"":1774963800000}",2026-03-31T17:30:02Z,Webhook delivery failed — 422 Unprocessable Content
4317437530,"BATS:NOK, 4h","H-SCREEN (5IqlmwJFdchvjcFuM_QB-eYxSEgv1mhWkER6AnpMFIg, 14, 70, 30, 12, 26, 9, 9, 21, 50, 200, 20, 2, 20, 20, 2, 14, 3, 3, 80, 20, 14, 50, 1.5): Any alert() function call","{""key"":""5IqlmwJFdchvjcFuM_QB-eYxSEgv1mhWkER6AnpMFIg"",""ticker"":""NOK"",""indicator"":""BOLL_SQUEEZE"",""value"":0.81,""signal"":""neutral"",""metadata"":{""condition"":""Bollinger Band squeeze detected — breakout imminent""},""tf"":""240"",""time"":1774963800000}",2026-03-31T17:30:02Z,Webhook delivery failed — request took too long and timed out
4317437530,"BATS:NOK, 4h","H-SCREEN (5IqlmwJFdchvjcFuM_QB-eYxSEgv1mhWkER6AnpMFIg, 14, 70, 30, 12, 26, 9, 9, 21, 50, 200, 20, 2, 20, 20, 2, 14, 3, 3, 80, 20, 14, 50, 1.5): Any alert() function call","{""key"":""5IqlmwJFdchvjcFuM_QB-eYxSEgv1mhWkER6AnpMFIg"",""ticker"":""NOK"",""indicator"":""VWAP"",""value"":7.92,""signal"":""bullish"",""metadata"":{""condition"":""Price crossed above VWAP""},""tf"":""240"",""time"":1774963800000}",2026-03-31T17:30:02Z,Webhook delivery failed — request took too long and timed out
4334106726,"BATS:ABAT, 4h","H-SCREEN (5IqlmwJFdchvjcFuM_QB-eYxSEgv1mhWkER6AnpMFIg, 14, 70, 30, 12, 26, 9, 9, 21, 50, 200, 20, 2, 20, 20, 2, 14, 3, 3, 80, 20, 14, 50, 1.5): Any alert() function call","{""key"":""5IqlmwJFdchvjcFuM_QB-eYxSEgv1mhWkER6AnpMFIg"",""ticker"":""ABAT"",""indicator"":""MACD_12_26"",""value"":-0.18,""signal"":""bullish"",""metadata"":{""condition"":""MACD bullish signal cross"",""histogram"":0},""tf"":""240"",""time"":1774963800000}",2026-03-31T17:30:02Z,Webhook delivery failed — request took too long and timed out
4334106726,"BATS:ABAT, 4h","H-SCREEN (5IqlmwJFdchvjcFuM_QB-eYxSEgv1mhWkER6AnpMFIg, 14, 70, 30, 12, 26, 9, 9, 21, 50, 200, 20, 2, 20, 20, 2, 14, 3, 3, 80, 20, 14, 50, 1.5): Any alert() function call","{""key"":""5IqlmwJFdchvjcFuM_QB-eYxSEgv1mhWkER6AnpMFIg"",""ticker"":""ABAT"",""indicator"":""RSI_14"",""value"":44.5,""signal"":""bullish"",""metadata"":{""condition"":""RSI exiting oversold""},""tf"":""240"",""time"":1774963800000}",2026-03-31T17:30:02Z,Webhook delivery failed — request took too long and timed out
4334106726,"BATS:ABAT, 4h","H-SCREEN (5IqlmwJFdchvjcFuM_QB-eYxSEgv1mhWkER6AnpMFIg, 14, 70, 30, 12, 26, 9, 9, 21, 50, 200, 20, 2, 20, 20, 2, 14, 3, 3, 80, 20, 14, 50, 1.5): Any alert() function call","{""key"":""5IqlmwJFdchvjcFuM_QB-eYxSEgv1mhWkER6AnpMFIg"",""ticker"":""ABAT"",""indicator"":""STOCH_RSI"",""value"":33.3,""signal"":""bullish"",""metadata"":{""condition"":""Stoch RSI exiting oversold""},""tf"":""240"",""time"":1774963800000}",2026-03-31T17:30:02Z,Webhook delivery failed — request took too long and timed out
4333394878,"BATS:ABAT, 4h","H-VIX (EdkkG9RhaH5ZldZkmsX0Dq7pQZn-BT5q_VFZZ13mpX0, 15, 20, 30, 3, 25, 18, 20, 25, 10, 252, 80, 20): Any alert() function call","{""key"":""EdkkG9RhaH5ZldZkmsX0Dq7pQZn-BT5q_VFZZ13mpX0"",""ticker"":""VIX"",""indicator"":""VIX_REGIME"",""value"":26.26,""signal"":""bearish"",""metadata"":{""condition"":""VIX regime changed from FEAR to ELEVATED"",""regime"":""ELEVATED"",""prev_regime"":""FEAR""},""tf"":""240"",""time"":1774963800000}",2026-03-31T17:30:02Z,Webhook delivery failed — request took too long and timed out
4334105567,"BATS:AAPL, 4h","H-SCREEN (5IqlmwJFdchvjcFuM_QB-eYxSEgv1mhWkER6AnpMFIg, 14, 70, 30, 12, 26, 9, 9, 21, 50, 200, 20, 2, 20, 20, 2, 14, 3, 3, 80, 20, 14, 50, 1.5): Any alert() function call","{""key"":""5IqlmwJFdchvjcFuM_QB-eYxSEgv1mhWkER6AnpMFIg"",""ticker"":""AAPL"",""indicator"":""MACD_12_26"",""value"":-1.75,""signal"":""bullish"",""metadata"":{""condition"":""MACD bullish signal cross"",""histogram"":0.22},""tf"":""240"",""time"":1774963800000}",2026-03-31T17:30:01Z,Webhook delivery failed — request took too long and timed out
4317467550,"BATS:SNDK, 4h","H-SCREEN (5IqlmwJFdchvjcFuM_QB-eYxSEgv1mhWkER6AnpMFIg, 14, 70, 30, 12, 26, 9, 9, 21, 50, 200, 20, 2, 20, 20, 2, 14, 3, 3, 80, 20, 14, 50, 1.5): Any alert() function call","{""key"":""5IqlmwJFdchvjcFuM_QB-eYxSEgv1mhWkER6AnpMFIg"",""ticker"":""SNDK"",""indicator"":""STOCH_RSI"",""value"":17.2,""signal"":""bullish"",""metadata"":{""condition"":""Stoch RSI bullish cross in oversold zone"",""k"":17.2,""d"":8.5},""tf"":""240"",""time"":1774963800000}",2026-03-31T17:30:01Z,Webhook delivery failed — request took too long and timed out
4333261741,"BATS:SPY, 4h","H-SCREEN (, 14, 70, 30, 12, 26, 9, 9, 21, 50, 200, 20, 2, 20, 20, 2, 14, 3, 3, 80, 20, 14, 50, 1.5): Any alert() function call","{""key"":"""",""ticker"":""SPY"",""indicator"":""STOCH_RSI"",""value"":33.3,""signal"":""bullish"",""metadata"":{""condition"":""Stoch RSI exiting oversold""},""tf"":""240"",""time"":1774963800000}",2026-03-31T17:30:00Z,Webhook delivery failed — request took too long and timed out
4317451253,"BATS:NVDA, 4h","H-SCREEN (5IqlmwJFdchvjcFuM_QB-eYxSEgv1mhWkER6AnpMFIg, 14, 70, 30, 12, 26, 9, 9, 21, 50, 200, 20, 2, 20, 20, 2, 14, 3, 3, 80, 20, 14, 50, 1.5): Any alert() function call","{""key"":""5IqlmwJFdchvjcFuM_QB-eYxSEgv1mhWkER6AnpMFIg"",""ticker"":""NVDA"",""indicator"":""STOCH_RSI"",""value"":30.3,""signal"":""bullish"",""metadata"":{""condition"":""Stoch RSI exiting oversold""},""tf"":""240"",""time"":1774963800000}",2026-03-31T17:30:00Z,Webhook delivery failed — request took too long and timed out
4334105567,"BATS:AAPL, 4h","H-SCREEN (5IqlmwJFdchvjcFuM_QB-eYxSEgv1mhWkER6AnpMFIg, 14, 70, 30, 12, 26, 9, 9, 21, 50, 200, 20, 2, 20, 20, 2, 14, 3, 3, 80, 20, 14, 50, 1.5): Any alert() function call","{""key"":""5IqlmwJFdchvjcFuM_QB-eYxSEgv1mhWkER6AnpMFIg"",""ticker"":""AAPL"",""indicator"":""VWAP"",""value"":251.41,""signal"":""bullish"",""metadata"":{""condition"":""Price crossed above VWAP""},""tf"":""240"",""time"":1774963800000}",2026-03-31T17:30:01Z,Webhook delivery failed — 422 Unprocessable Content
4317467550,"BATS:SNDK, 4h","H-SCREEN (5IqlmwJFdchvjcFuM_QB-eYxSEgv1mhWkER6AnpMFIg, 14, 70, 30, 12, 26, 9, 9, 21, 50, 200, 20, 2, 20, 20, 2, 14, 3, 3, 80, 20, 14, 50, 1.5): Any alert() function call","{""key"":""5IqlmwJFdchvjcFuM_QB-eYxSEgv1mhWkER6AnpMFIg"",""ticker"":""SNDK"",""indicator"":""VWAP"",""value"":610.65,""signal"":""bullish"",""metadata"":{""condition"":""Price crossed above VWAP""},""tf"":""240"",""time"":1774963800000}",2026-03-31T17:30:01Z,Webhook delivery failed — request took too long and timed out
4333261741,"BATS:SPY, 4h","H-SCREEN (, 14, 70, 30, 12, 26, 9, 9, 21, 50, 200, 20, 2, 20, 20, 2, 14, 3, 3, 80, 20, 14, 50, 1.5): Any alert() function call","{""key"":"""",""ticker"":""SPY"",""indicator"":""RSI_14"",""value"":43.8,""signal"":""bullish"",""metadata"":{""condition"":""RSI exiting oversold""},""tf"":""240"",""time"":1774963800000}",2026-03-31T17:30:00Z,Webhook delivery failed — request took too long and timed out
4317451253,"BATS:NVDA, 4h","H-SCREEN (5IqlmwJFdchvjcFuM_QB-eYxSEgv1mhWkER6AnpMFIg, 14, 70, 30, 12, 26, 9, 9, 21, 50, 200, 20, 2, 20, 20, 2, 14, 3, 3, 80, 20, 14, 50, 1.5): Any alert() function call","{""key"":""5IqlmwJFdchvjcFuM_QB-eYxSEgv1mhWkER6AnpMFIg"",""ticker"":""NVDA"",""indicator"":""VWAP"",""value"":171.37,""signal"":""bullish"",""metadata"":{""condition"":""Price crossed above VWAP""},""tf"":""240"",""time"":1774963800000}",2026-03-31T17:30:00Z,Webhook delivery failed — request took too long and timed out
4317451253,"BATS:NVDA, 4h","H-SCREEN (5IqlmwJFdchvjcFuM_QB-eYxSEgv1mhWkER6AnpMFIg, 14, 70, 30, 12, 26, 9, 9, 21, 50, 200, 20, 2, 20, 20, 2, 14, 3, 3, 80, 20, 14, 50, 1.5): Any alert() function call","{""key"":""5IqlmwJFdchvjcFuM_QB-eYxSEgv1mhWkER6AnpMFIg"",""ticker"":""NVDA"",""indicator"":""RSI_14"",""value"":46.5,""signal"":""bullish"",""metadata"":{""condition"":""RSI exiting oversold""},""tf"":""240"",""time"":1774963800000}",2026-03-31T17:30:00Z,Webhook delivery failed — request took too long and timed out
4333261741,"BATS:SPY, 4h","H-SCREEN (, 14, 70, 30, 12, 26, 9, 9, 21, 50, 200, 20, 2, 20, 20, 2, 14, 3, 3, 80, 20, 14, 50, 1.5): Any alert() function call","{""key"":"""",""ticker"":""SPY"",""indicator"":""VWAP"",""value"":644.8,""signal"":""bullish"",""metadata"":{""condition"":""Price crossed above VWAP""},""tf"":""240"",""time"":1774963800000}",2026-03-31T17:30:00Z,Webhook delivery failed — request took too long and timed out
4333264087,"BATS:QQQ, 4h","H-SCREEN (, 14, 70, 30, 12, 26, 9, 9, 21, 50, 200, 20, 2, 20, 20, 2, 14, 3, 3, 80, 20, 14, 50, 1.5): Any alert() function call","{""key"":"""",""ticker"":""QQQ"",""indicator"":""STOCH_RSI"",""value"":31.6,""signal"":""bullish"",""metadata"":{""condition"":""Stoch RSI exiting oversold""},""tf"":""240"",""time"":1774963800000}",2026-03-31T17:30:00Z,Webhook delivery failed — request took too long and timed out
4317453417,"BATS:AMD, 4h","H-SCREEN (5IqlmwJFdchvjcFuM_QB-eYxSEgv1mhWkER6AnpMFIg, 14, 70, 30, 12, 26, 9, 9, 21, 50, 200, 20, 2, 20, 20, 2, 14, 3, 3, 80, 20, 14, 50, 1.5): Any alert() function call","{""key"":""5IqlmwJFdchvjcFuM_QB-eYxSEgv1mhWkER6AnpMFIg"",""ticker"":""AMD"",""indicator"":""STOCH_RSI"",""value"":8.2,""signal"":""bullish"",""metadata"":{""condition"":""Stoch RSI bullish cross in oversold zone"",""k"":8.2,""d"":3.2},""tf"":""240"",""time"":1774963800000}",2026-03-31T17:30:00Z,Webhook delivery failed — request took too long and timed out
4317453417,"BATS:AMD, 4h","H-SCREEN (5IqlmwJFdchvjcFuM_QB-eYxSEgv1mhWkER6AnpMFIg, 14, 70, 30, 12, 26, 9, 9, 21, 50, 200, 20, 2, 20, 20, 2, 14, 3, 3, 80, 20, 14, 50, 1.5): Any alert() function call","{""key"":""5IqlmwJFdchvjcFuM_QB-eYxSEgv1mhWkER6AnpMFIg"",""ticker"":""AMD"",""indicator"":""VWAP"",""value"":200.56,""signal"":""bullish"",""metadata"":{""condition"":""Price crossed above VWAP""},""tf"":""240"",""time"":1774963800000}",2026-03-31T17:30:00Z,Webhook delivery failed — request took too long and timed out
4334107412,"BATS:GOOG, 4h","H-SCREEN (5IqlmwJFdchvjcFuM_QB-eYxSEgv1mhWkER6AnpMFIg, 14, 70, 30, 12, 26, 9, 9, 21, 50, 200, 20, 2, 20, 20, 2, 14, 3, 3, 80, 20, 14, 50, 1.5): Any alert() function call","{""key"":""5IqlmwJFdchvjcFuM_QB-eYxSEgv1mhWkER6AnpMFIg"",""ticker"":""GOOG"",""indicator"":""STOCH_RSI"",""value"":33.3,""signal"":""bullish"",""metadata"":{""condition"":""Stoch RSI exiting oversold""},""tf"":""240"",""time"":1774963800000}",2026-03-31T17:30:00Z,Webhook delivery failed — 422 Unprocessable Content
4333264087,"BATS:QQQ, 4h","H-SCREEN (, 14, 70, 30, 12, 26, 9, 9, 21, 50, 200, 20, 2, 20, 20, 2, 14, 3, 3, 80, 20, 14, 50, 1.5): Any alert() function call","{""key"":"""",""ticker"":""QQQ"",""indicator"":""VWAP"",""value"":571.64,""signal"":""bullish"",""metadata"":{""condition"":""Price crossed above VWAP""},""tf"":""240"",""time"":1774963800000}",2026-03-31T17:30:00Z,Webhook delivery failed — request took too long and timed out
4333264087,"BATS:QQQ, 4h","H-SCREEN (, 14, 70, 30, 12, 26, 9, 9, 21, 50, 200, 20, 2, 20, 20, 2, 14, 3, 3, 80, 20, 14, 50, 1.5): Any alert() function call","{""key"":"""",""ticker"":""QQQ"",""indicator"":""RSI_14"",""value"":42.9,""signal"":""bullish"",""metadata"":{""condition"":""RSI exiting oversold""},""tf"":""240"",""time"":1774963800000}",2026-03-31T17:30:00Z,Webhook delivery failed — request took too long and timed out
4334107412,"BATS:GOOG, 4h","H-SCREEN (5IqlmwJFdchvjcFuM_QB-eYxSEgv1mhWkER6AnpMFIg, 14, 70, 30, 12, 26, 9, 9, 21, 50, 200, 20, 2, 20, 20, 2, 14, 3, 3, 80, 20, 14, 50, 1.5): Any alert() function call","{""key"":""5IqlmwJFdchvjcFuM_QB-eYxSEgv1mhWkER6AnpMFIg"",""ticker"":""GOOG"",""indicator"":""VWAP"",""value"":283.18,""signal"":""bullish"",""metadata"":{""condition"":""Price crossed above VWAP""},""tf"":""240"",""time"":1774963800000}",2026-03-31T17:30:00Z,Webhook delivery failed — 422 Unprocessable Content
4334107412,"BATS:GOOG, 4h","H-SCREEN (5IqlmwJFdchvjcFuM_QB-eYxSEgv1mhWkER6AnpMFIg, 14, 70, 30, 12, 26, 9, 9, 21, 50, 200, 20, 2, 20, 20, 2, 14, 3, 3, 80, 20, 14, 50, 1.5): Any alert() function call","{""key"":""5IqlmwJFdchvjcFuM_QB-eYxSEgv1mhWkER6AnpMFIg"",""ticker"":""GOOG"",""indicator"":""RSI_14"",""value"":43.2,""signal"":""bullish"",""metadata"":{""condition"":""RSI exiting oversold""},""tf"":""240"",""time"":1774963800000}",2026-03-31T17:30:00Z,Webhook delivery failed — 422 Unprocessable Content
4317452705,"BATS:MU, 4h","H-SCREEN (5IqlmwJFdchvjcFuM_QB-eYxSEgv1mhWkER6AnpMFIg, 14, 70, 30, 12, 26, 9, 9, 21, 50, 200, 20, 2, 20, 20, 2, 14, 3, 3, 80, 20, 14, 50, 1.5): Any alert() function call","{""key"":""5IqlmwJFdchvjcFuM_QB-eYxSEgv1mhWkER6AnpMFIg"",""ticker"":""MU"",""indicator"":""VWAP"",""value"":324.31,""signal"":""bullish"",""metadata"":{""condition"":""Price crossed above VWAP""},""tf"":""240"",""time"":1774963800000}",2026-03-31T17:30:00Z,Webhook delivery failed — request took too long and timed out
4317452705,"BATS:MU, 4h","H-SCREEN (5IqlmwJFdchvjcFuM_QB-eYxSEgv1mhWkER6AnpMFIg, 14, 70, 30, 12, 26, 9, 9, 21, 50, 200, 20, 2, 20, 20, 2, 14, 3, 3, 80, 20, 14, 50, 1.5): Any alert() function call","{""key"":""5IqlmwJFdchvjcFuM_QB-eYxSEgv1mhWkER6AnpMFIg"",""ticker"":""MU"",""indicator"":""STOCH_RSI"",""value"":5,""signal"":""bullish"",""metadata"":{""condition"":""Stoch RSI bullish cross in oversold zone"",""k"":5,""d"":3.2},""tf"":""240"",""time"":1774963800000}",2026-03-31T17:30:00Z,Webhook delivery failed — request took too long and timed out
4333416861,"BATS:ABAT, 4h",,"Henry S4: Kalman Oscillator (0.02, 200, 10, 20, 100, 1.2, 30, 8, 7, 35, 65, 14, 25, 1.3, 2, 14, 2.5, Ike4sYWj9ZInUgcioIB281oFYCbRQUgfOd6Q9fmdC5w, henry-s4-kosc): order sell @ 571 filled on ABAT. New strategy position is 0",2026-03-31T13:52:32Z,Webhook delivery failed — 422 Unprocessable Content
4317500304,"BATS:SATL, 4h","H-SCREEN (5IqlmwJFdchvjcFuM_QB-eYxSEgv1mhWkER6AnpMFIg, 14, 70, 30, 12, 26, 9, 9, 21, 50, 200, 20, 2, 20, 20, 2, 14, 3, 3, 80, 20, 14, 50, 1.5): Any alert() function call","{""key"":""5IqlmwJFdchvjcFuM_QB-eYxSEgv1mhWkER6AnpMFIg"",""ticker"":""SATL"",""indicator"":""MACD_12_26"",""value"":0.63,""signal"":""bearish"",""metadata"":{""condition"":""MACD bearish signal cross"",""histogram"":-0.01},""tf"":""240"",""time"":1774891800000}",2026-03-30T20:01:00Z,Webhook delivery failed — request took too long and timed out
4333266299,"BATS:VUG, 4h","H-SCREEN (, 14, 70, 30, 12, 26, 9, 9, 21, 50, 200, 20, 2, 20, 20, 2, 14, 3, 3, 80, 20, 14, 50, 1.5): Any alert() function call","{""key"":"""",""ticker"":""VUG"",""indicator"":""BOLL_20"",""value"":419.92,""signal"":""bullish"",""metadata"":{""condition"":""Price rejected from lower Bollinger Band""},""tf"":""240"",""time"":1774891800000}",2026-03-30T20:01:00Z,Webhook delivery failed — 422 Unprocessable Content
4317467550,"BATS:SNDK, 4h","H-SCREEN (5IqlmwJFdchvjcFuM_QB-eYxSEgv1mhWkER6AnpMFIg, 14, 70, 30, 12, 26, 9, 9, 21, 50, 200, 20, 2, 20, 20, 2, 14, 3, 3, 80, 20, 14, 50, 1.5): Any alert() function call","{""key"":""5IqlmwJFdchvjcFuM_QB-eYxSEgv1mhWkER6AnpMFIg"",""ticker"":""SNDK"",""indicator"":""BOLL_20"",""value"":572.33,""signal"":""bullish"",""metadata"":{""condition"":""Price rejected from lower Bollinger Band""},""tf"":""240"",""time"":1774891800000}",2026-03-30T20:00:12Z,Webhook successfully delivered
4317453417,"BATS:AMD, 4h","H-SCREEN (5IqlmwJFdchvjcFuM_QB-eYxSEgv1mhWkER6AnpMFIg, 14, 70, 30, 12, 26, 9, 9, 21, 50, 200, 20, 2, 20, 20, 2, 14, 3, 3, 80, 20, 14, 50, 1.5): Any alert() function call","{""key"":""5IqlmwJFdchvjcFuM_QB-eYxSEgv1mhWkER6AnpMFIg"",""ticker"":""AMD"",""indicator"":""EMA_CROSS"",""value"":196.1,""signal"":""bearish"",""metadata"":{""condition"":""EMA 9 crossed below EMA 21""},""tf"":""240"",""time"":1774891800000}",2026-03-30T20:00:03Z,Webhook delivery failed — request took too long and timed out
4317453417,"BATS:AMD, 4h","H-SCREEN (5IqlmwJFdchvjcFuM_QB-eYxSEgv1mhWkER6AnpMFIg, 14, 70, 30, 12, 26, 9, 9, 21, 50, 200, 20, 2, 20, 20, 2, 14, 3, 3, 80, 20, 14, 50, 1.5): Any alert() function call","{""key"":""5IqlmwJFdchvjcFuM_QB-eYxSEgv1mhWkER6AnpMFIg"",""ticker"":""AMD"",""indicator"":""MACD_12_26"",""value"":-0.04,""signal"":""bearish"",""metadata"":{""condition"":""MACD crossed below zero""},""tf"":""240"",""time"":1774891800000}",2026-03-30T20:00:03Z,Webhook delivery failed — request took too long and timed out
4317451253,"BATS:NVDA, 4h","H-SCREEN (5IqlmwJFdchvjcFuM_QB-eYxSEgv1mhWkER6AnpMFIg, 14, 70, 30, 12, 26, 9, 9, 21, 50, 200, 20, 2, 20, 20, 2, 14, 3, 3, 80, 20, 14, 50, 1.5): Any alert() function call","{""key"":""5IqlmwJFdchvjcFuM_QB-eYxSEgv1mhWkER6AnpMFIg"",""ticker"":""NVDA"",""indicator"":""BOLL_20"",""value"":165.09,""signal"":""bullish"",""metadata"":{""condition"":""Price rejected from lower Bollinger Band""},""tf"":""240"",""time"":1774891800000}",2026-03-30T20:00:00Z,Webhook successfully delivered
4334105567,"BATS:AAPL, 4h","H-SCREEN (5IqlmwJFdchvjcFuM_QB-eYxSEgv1mhWkER6AnpMFIg, 14, 70, 30, 12, 26, 9, 9, 21, 50, 200, 20, 2, 20, 20, 2, 14, 3, 3, 80, 20, 14, 50, 1.5): Any alert() function call","{""key"":""5IqlmwJFdchvjcFuM_QB-eYxSEgv1mhWkER6AnpMFIg"",""ticker"":""AAPL"",""indicator"":""BOLL_20"",""value"":246.54,""signal"":""bullish"",""metadata"":{""condition"":""Price rejected from lower Bollinger Band""},""tf"":""240"",""time"":1774891800000}",2026-03-30T20:00:00Z,Webhook delivery failed — 422 Unprocessable Content
4334105567,"BATS:AAPL, 4h","H-SCREEN (5IqlmwJFdchvjcFuM_QB-eYxSEgv1mhWkER6AnpMFIg, 14, 70, 30, 12, 26, 9, 9, 21, 50, 200, 20, 2, 20, 20, 2, 14, 3, 3, 80, 20, 14, 50, 1.5): Any alert() function call","{""key"":""5IqlmwJFdchvjcFuM_QB-eYxSEgv1mhWkER6AnpMFIg"",""ticker"":""AAPL"",""indicator"":""MACD_12_26"",""value"":-2.16,""signal"":""bearish"",""metadata"":{""condition"":""MACD bearish signal cross"",""histogram"":-0.13},""tf"":""240"",""time"":1774891800000}",2026-03-30T20:00:00Z,Webhook delivery failed — 422 Unprocessable Content
4333264087,"BATS:QQQ, 4h","H-SCREEN (, 14, 70, 30, 12, 26, 9, 9, 21, 50, 200, 20, 2, 20, 20, 2, 14, 3, 3, 80, 20, 14, 50, 1.5): Any alert() function call","{""key"":"""",""ticker"":""QQQ"",""indicator"":""STOCH_RSI"",""value"":0,""signal"":""bullish"",""metadata"":{""condition"":""Stoch RSI bullish cross in oversold zone"",""k"":0,""d"":0},""tf"":""240"",""time"":1774891800000}",2026-03-30T20:00:00Z,Webhook delivery failed — request took too long and timed out
4333264087,"BATS:QQQ, 4h","H-SCREEN (, 14, 70, 30, 12, 26, 9, 9, 21, 50, 200, 20, 2, 20, 20, 2, 14, 3, 3, 80, 20, 14, 50, 1.5): Any alert() function call","{""key"":"""",""ticker"":""QQQ"",""indicator"":""BOLL_20"",""value"":558.32,""signal"":""bullish"",""metadata"":{""condition"":""Price rejected from lower Bollinger Band""},""tf"":""240"",""time"":1774891800000}",2026-03-30T20:00:00Z,Webhook delivery failed — request took too long and timed out
4317474429,"BATS:BITF, 4h","H-SCREEN (5IqlmwJFdchvjcFuM_QB-eYxSEgv1mhWkER6AnpMFIg, 14, 70, 30, 12, 26, 9, 9, 21, 50, 200, 20, 2, 20, 20, 2, 14, 3, 3, 80, 20, 14, 50, 1.5): Any alert() function call","{""key"":""5IqlmwJFdchvjcFuM_QB-eYxSEgv1mhWkER6AnpMFIg"",""ticker"":""BITF"",""indicator"":""VWAP"",""value"":1.88,""signal"":""bearish"",""metadata"":{""condition"":""Price crossed below VWAP""},""tf"":""240"",""time"":1774877400000}",2026-03-30T17:30:35Z,Webhook delivery failed — request took too long and timed out
4317500304,"BATS:SATL, 4h","H-SCREEN (5IqlmwJFdchvjcFuM_QB-eYxSEgv1mhWkER6AnpMFIg, 14, 70, 30, 12, 26, 9, 9, 21, 50, 200, 20, 2, 20, 20, 2, 14, 3, 3, 80, 20, 14, 50, 1.5): Any alert() function call","{""key"":""5IqlmwJFdchvjcFuM_QB-eYxSEgv1mhWkER6AnpMFIg"",""ticker"":""SATL"",""indicator"":""VWAP"",""value"":5.26,""signal"":""bearish"",""metadata"":{""condition"":""Price crossed below VWAP""},""tf"":""240"",""time"":1774877400000}",2026-03-30T17:30:18Z,Webhook delivery failed — request took too long and timed out
4317500304,"BATS:SATL, 4h","H-SCREEN (5IqlmwJFdchvjcFuM_QB-eYxSEgv1mhWkER6AnpMFIg, 14, 70, 30, 12, 26, 9, 9, 21, 50, 200, 20, 2, 20, 20, 2, 14, 3, 3, 80, 20, 14, 50, 1.5): Any alert() function call","{""key"":""5IqlmwJFdchvjcFuM_QB-eYxSEgv1mhWkER6AnpMFIg"",""ticker"":""SATL"",""indicator"":""RSI_14"",""value"":56.1,""signal"":""bearish"",""metadata"":{""condition"":""RSI exiting overbought""},""tf"":""240"",""time"":1774877400000}",2026-03-30T17:30:18Z,Webhook delivery failed — request took too long and timed out
4333306224,"BATS:ASTS, 4h","LuxAlgo - Smart Money Concepts (Historical, Colored, All, All, tiny, All, All, small, 50, 5, 5, Atr, High/Low, 3, 0.1, tiny, , 1, ⎯⎯⎯, ⎯⎯⎯, ⎯⎯⎯, eeUfs6eSWx1ri5jNRToFqVxbDowkRd66J8l2Dtf8TpM): Any alert() function call","{""key"":""eeUfs6eSWx1ri5jNRToFqVxbDowkRd66J8l2Dtf8TpM"",""ticker"":""ASTS"",""indicator"":""SMC_INT_OB"",""value"":73.62,""signal"":""bullish"",""metadata"":{""condition"":""Price broke bullish internal OB — support mitigated"",""level"":""internal""},""tf"":""240"",""time"":1774877400000}",2026-03-30T17:30:04Z,Webhook delivery failed — 422 Unprocessable Content
4317437530,"BATS:NOK, 4h","H-SCREEN (5IqlmwJFdchvjcFuM_QB-eYxSEgv1mhWkER6AnpMFIg, 14, 70, 30, 12, 26, 9, 9, 21, 50, 200, 20, 2, 20, 20, 2, 14, 3, 3, 80, 20, 14, 50, 1.5): Any alert() function call","{""key"":""5IqlmwJFdchvjcFuM_QB-eYxSEgv1mhWkER6AnpMFIg"",""ticker"":""NOK"",""indicator"":""VWAP"",""value"":8.02,""signal"":""bearish"",""metadata"":{""condition"":""Price crossed below VWAP""},""tf"":""240"",""time"":1774877400000}",2026-03-30T17:30:03Z,Webhook delivery failed — request took too long and timed out
4317437530,"BATS:NOK, 4h","H-SCREEN (5IqlmwJFdchvjcFuM_QB-eYxSEgv1mhWkER6AnpMFIg, 14, 70, 30, 12, 26, 9, 9, 21, 50, 200, 20, 2, 20, 20, 2, 14, 3, 3, 80, 20, 14, 50, 1.5): Any alert() function call","{""key"":""5IqlmwJFdchvjcFuM_QB-eYxSEgv1mhWkER6AnpMFIg"",""ticker"":""NOK"",""indicator"":""MACD_12_26"",""value"":0,""signal"":""bearish"",""metadata"":{""condition"":""MACD crossed below zero""},""tf"":""240"",""time"":1774877400000}",2026-03-30T17:30:03Z,Webhook delivery failed — request took too long and timed out
4317451253,"BATS:NVDA, 4h","H-SCREEN (5IqlmwJFdchvjcFuM_QB-eYxSEgv1mhWkER6AnpMFIg, 14, 70, 30, 12, 26, 9, 9, 21, 50, 200, 20, 2, 20, 20, 2, 14, 3, 3, 80, 20, 14, 50, 1.5): Any alert() function call","{""key"":""5IqlmwJFdchvjcFuM_QB-eYxSEgv1mhWkER6AnpMFIg"",""ticker"":""NVDA"",""indicator"":""BOLL_20"",""value"":165.88,""signal"":""bearish"",""metadata"":{""condition"":""Price broke below lower Bollinger Band"",""bandwidth"":19.93},""tf"":""240"",""time"":1774877400000}",2026-03-30T17:30:00Z,Webhook delivery failed — request took too long and timed out
4317451253,"BATS:NVDA, 4h","H-SCREEN (5IqlmwJFdchvjcFuM_QB-eYxSEgv1mhWkER6AnpMFIg, 14, 70, 30, 12, 26, 9, 9, 21, 50, 200, 20, 2, 20, 20, 2, 14, 3, 3, 80, 20, 14, 50, 1.5): Any alert() function call","{""key"":""5IqlmwJFdchvjcFuM_QB-eYxSEgv1mhWkER6AnpMFIg"",""ticker"":""NVDA"",""indicator"":""RSI_14"",""value"":28.8,""signal"":""bullish"",""metadata"":{""condition"":""RSI crossed below oversold (30)""},""tf"":""240"",""time"":1774877400000}",2026-03-30T17:30:00Z,Webhook delivery failed — request took too long and timed out
4317467550,"BATS:SNDK, 4h","H-SCREEN (5IqlmwJFdchvjcFuM_QB-eYxSEgv1mhWkER6AnpMFIg, 14, 70, 30, 12, 26, 9, 9, 21, 50, 200, 20, 2, 20, 20, 2, 14, 3, 3, 80, 20, 14, 50, 1.5): Any alert() function call","{""key"":""5IqlmwJFdchvjcFuM_QB-eYxSEgv1mhWkER6AnpMFIg"",""ticker"":""SNDK"",""indicator"":""BOLL_20"",""value"":571.01,""signal"":""bearish"",""metadata"":{""condition"":""Price broke below lower Bollinger Band"",""bandwidth"":216.76},""tf"":""240"",""time"":1774877400000}",2026-03-30T17:30:02Z,Webhook delivery failed — request took too long and timed out
4317467550,"BATS:SNDK, 4h","H-SCREEN (5IqlmwJFdchvjcFuM_QB-eYxSEgv1mhWkER6AnpMFIg, 14, 70, 30, 12, 26, 9, 9, 21, 50, 200, 20, 2, 20, 20, 2, 14, 3, 3, 80, 20, 14, 50, 1.5): Any alert() function call","{""key"":""5IqlmwJFdchvjcFuM_QB-eYxSEgv1mhWkER6AnpMFIg"",""ticker"":""SNDK"",""indicator"":""VWAP"",""value"":597.5,""signal"":""bearish"",""metadata"":{""condition"":""Price crossed below VWAP""},""tf"":""240"",""time"":1774877400000}",2026-03-30T17:30:02Z,Webhook delivery failed — request took too long and timed out
4334105567,"BATS:AAPL, 4h","H-SCREEN (5IqlmwJFdchvjcFuM_QB-eYxSEgv1mhWkER6AnpMFIg, 14, 70, 30, 12, 26, 9, 9, 21, 50, 200, 20, 2, 20, 20, 2, 14, 3, 3, 80, 20, 14, 50, 1.5): Any alert() function call","{""key"":""5IqlmwJFdchvjcFuM_QB-eYxSEgv1mhWkER6AnpMFIg"",""ticker"":""AAPL"",""indicator"":""BOLL_20"",""value"":246.24,""signal"":""bearish"",""metadata"":{""condition"":""Price broke below lower Bollinger Band"",""bandwidth"":9.63},""tf"":""240"",""time"":1774877400000}",2026-03-30T17:30:00Z,Webhook delivery failed — request took too long and timed out
4334107412,"BATS:GOOG, 4h","H-SCREEN (5IqlmwJFdchvjcFuM_QB-eYxSEgv1mhWkER6AnpMFIg, 14, 70, 30, 12, 26, 9, 9, 21, 50, 200, 20, 2, 20, 20, 2, 14, 3, 3, 80, 20, 14, 50, 1.5): Any alert() function call","{""key"":""5IqlmwJFdchvjcFuM_QB-eYxSEgv1mhWkER6AnpMFIg"",""ticker"":""GOOG"",""indicator"":""STOCH_RSI"",""value"":0,""signal"":""bullish"",""metadata"":{""condition"":""Stoch RSI bullish cross in oversold zone"",""k"":0,""d"":0},""tf"":""240"",""time"":1774877400000}",2026-03-30T17:30:00Z,Webhook delivery failed — 422 Unprocessable Content
4334107359,"BATS:CIFR, 4h","H-SCREEN (5IqlmwJFdchvjcFuM_QB-eYxSEgv1mhWkER6AnpMFIg, 14, 70, 30, 12, 26, 9, 9, 21, 50, 200, 20, 2, 20, 20, 2, 14, 3, 3, 80, 20, 14, 50, 1.5): Any alert() function call","{""key"":""5IqlmwJFdchvjcFuM_QB-eYxSEgv1mhWkER6AnpMFIg"",""ticker"":""CIFR"",""indicator"":""VWAP"",""value"":12.71,""signal"":""bearish"",""metadata"":{""condition"":""Price crossed below VWAP""},""tf"":""240"",""time"":1774877400000}",2026-03-30T17:30:00Z,Webhook delivery failed — 422 Unprocessable Content
4317453417,"BATS:AMD, 4h","H-SCREEN (5IqlmwJFdchvjcFuM_QB-eYxSEgv1mhWkER6AnpMFIg, 14, 70, 30, 12, 26, 9, 9, 21, 50, 200, 20, 2, 20, 20, 2, 14, 3, 3, 80, 20, 14, 50, 1.5): Any alert() function call","{""key"":""5IqlmwJFdchvjcFuM_QB-eYxSEgv1mhWkER6AnpMFIg"",""ticker"":""AMD"",""indicator"":""VWAP"",""value"":200.22,""signal"":""bearish"",""metadata"":{""condition"":""Price crossed below VWAP""},""tf"":""240"",""time"":1774877400000}",2026-03-30T17:30:00Z,Webhook delivery failed — request took too long and timed out
4333261741,"BATS:SPY, 4h","H-SCREEN (, 14, 70, 30, 12, 26, 9, 9, 21, 50, 200, 20, 2, 20, 20, 2, 14, 3, 3, 80, 20, 14, 50, 1.5): Any alert() function call","{""key"":"""",""ticker"":""SPY"",""indicator"":""BOLL_20"",""value"":633.39,""signal"":""bullish"",""metadata"":{""condition"":""Price rejected from lower Bollinger Band""},""tf"":""240"",""time"":1774877400000}",2026-03-30T17:30:00Z,Webhook delivery failed — request took too long and timed out
4334107359,"BATS:CIFR, 4h","H-SCREEN (5IqlmwJFdchvjcFuM_QB-eYxSEgv1mhWkER6AnpMFIg, 14, 70, 30, 12, 26, 9, 9, 21, 50, 200, 20, 2, 20, 20, 2, 14, 3, 3, 80, 20, 14, 50, 1.5): Any alert() function call","{""key"":""5IqlmwJFdchvjcFuM_QB-eYxSEgv1mhWkER6AnpMFIg"",""ticker"":""CIFR"",""indicator"":""BOLL_20"",""value"":12.04,""signal"":""bearish"",""metadata"":{""condition"":""Price broke below lower Bollinger Band"",""bandwidth"":3.24},""tf"":""240"",""time"":1774877400000}",2026-03-30T17:30:00Z,Webhook delivery failed — 422 Unprocessable Content
4317452705,"BATS:MU, 4h","H-SCREEN (5IqlmwJFdchvjcFuM_QB-eYxSEgv1mhWkER6AnpMFIg, 14, 70, 30, 12, 26, 9, 9, 21, 50, 200, 20, 2, 20, 20, 2, 14, 3, 3, 80, 20, 14, 50, 1.5): Any alert() function call","{""key"":""5IqlmwJFdchvjcFuM_QB-eYxSEgv1mhWkER6AnpMFIg"",""ticker"":""MU"",""indicator"":""RSI_14"",""value"":24.4,""signal"":""bullish"",""metadata"":{""condition"":""RSI crossed below oversold (30)""},""tf"":""240"",""time"":1774877400000}",2026-03-30T17:30:00Z,Webhook delivery failed — request took too long and timed out
4317500304,"BATS:SATL, 4h","H-SCREEN (5IqlmwJFdchvjcFuM_QB-eYxSEgv1mhWkER6AnpMFIg, 14, 70, 30, 12, 26, 9, 9, 21, 50, 200, 20, 2, 20, 20, 2, 14, 3, 3, 80, 20, 14, 50, 1.5): Any alert() function call","{""key"":""5IqlmwJFdchvjcFuM_QB-eYxSEgv1mhWkER6AnpMFIg"",""ticker"":""SATL"",""indicator"":""STOCH_RSI"",""value"":76.7,""signal"":""bearish"",""metadata"":{""condition"":""Stoch RSI exiting overbought""},""tf"":""240"",""time"":1774632600000}",2026-03-27T20:01:00Z,Webhook successfully delivered
4317437530,"BATS:NOK, 4h","H-SCREEN (5IqlmwJFdchvjcFuM_QB-eYxSEgv1mhWkER6AnpMFIg, 14, 70, 30, 12, 26, 9, 9, 21, 50, 200, 20, 2, 20, 20, 2, 14, 3, 3, 80, 20, 14, 50, 1.5): Any alert() function call","{""key"":""5IqlmwJFdchvjcFuM_QB-eYxSEgv1mhWkER6AnpMFIg"",""ticker"":""NOK"",""indicator"":""EMA_CROSS"",""value"":7.98,""signal"":""bearish"",""metadata"":{""condition"":""EMA 9 crossed below EMA 21""},""tf"":""240"",""time"":1774632600000}",2026-03-27T20:00:53Z,Webhook delivery failed — request took too long and timed out
4317437530,"BATS:NOK, 4h","H-SCREEN (5IqlmwJFdchvjcFuM_QB-eYxSEgv1mhWkER6AnpMFIg, 14, 70, 30, 12, 26, 9, 9, 21, 50, 200, 20, 2, 20, 20, 2, 14, 3, 3, 80, 20, 14, 50, 1.5): Any alert() function call","{""key"":""5IqlmwJFdchvjcFuM_QB-eYxSEgv1mhWkER6AnpMFIg"",""ticker"":""NOK"",""indicator"":""VWAP"",""value"":7.96,""signal"":""bullish"",""metadata"":{""condition"":""Price crossed above VWAP""},""tf"":""240"",""time"":1774632600000}",2026-03-27T20:00:53Z,Webhook delivery failed — request took too long and timed out
4317467550,"BATS:SNDK, 4h","H-SCREEN (5IqlmwJFdchvjcFuM_QB-eYxSEgv1mhWkER6AnpMFIg, 14, 70, 30, 12, 26, 9, 9, 21, 50, 200, 20, 2, 20, 20, 2, 14, 3, 3, 80, 20, 14, 50, 1.5): Any alert() function call","{""key"":""5IqlmwJFdchvjcFuM_QB-eYxSEgv1mhWkER6AnpMFIg"",""ticker"":""SNDK"",""indicator"":""VWAP"",""value"":615.6,""signal"":""bullish"",""metadata"":{""condition"":""Price crossed above VWAP""},""tf"":""240"",""time"":1774632600000}",2026-03-27T20:00:34Z,Webhook successfully delivered
4317451253,"BATS:NVDA, 4h","H-SCREEN (5IqlmwJFdchvjcFuM_QB-eYxSEgv1mhWkER6AnpMFIg, 14, 70, 30, 12, 26, 9, 9, 21, 50, 200, 20, 2, 20, 20, 2, 14, 3, 3, 80, 20, 14, 50, 1.5): Any alert() function call","{""key"":""5IqlmwJFdchvjcFuM_QB-eYxSEgv1mhWkER6AnpMFIg"",""ticker"":""NVDA"",""indicator"":""BOLL_20"",""value"":167.42,""signal"":""bullish"",""metadata"":{""condition"":""Price rejected from lower Bollinger Band""},""tf"":""240"",""time"":1774632600000}",2026-03-27T20:00:00Z,Webhook successfully delivered
4317453417,"BATS:AMD, 4h","H-SCREEN (5IqlmwJFdchvjcFuM_QB-eYxSEgv1mhWkER6AnpMFIg, 14, 70, 30, 12, 26, 9, 9, 21, 50, 200, 20, 2, 20, 20, 2, 14, 3, 3, 80, 20, 14, 50, 1.5): Any alert() function call","{""key"":""5IqlmwJFdchvjcFuM_QB-eYxSEgv1mhWkER6AnpMFIg"",""ticker"":""AMD"",""indicator"":""MACD_12_26"",""value"":1.38,""signal"":""bearish"",""metadata"":{""condition"":""MACD bearish signal cross"",""histogram"":-0.09},""tf"":""240"",""time"":1774632600000}",2026-03-27T20:00:00Z,Webhook delivery failed — request took too long and timed out
4317474429,"BATS:BITF, 4h","H-SCREEN (5IqlmwJFdchvjcFuM_QB-eYxSEgv1mhWkER6AnpMFIg, 14, 70, 30, 12, 26, 9, 9, 21, 50, 200, 20, 2, 20, 20, 2, 14, 3, 3, 80, 20, 14, 50, 1.5): Any alert() function call","{""key"":""5IqlmwJFdchvjcFuM_QB-eYxSEgv1mhWkER6AnpMFIg"",""ticker"":""BITF"",""indicator"":""STOCH_RSI"",""value"":2.8,""signal"":""bullish"",""metadata"":{""condition"":""Stoch RSI bullish cross in oversold zone"",""k"":2.8,""d"":1.9},""tf"":""240"",""time"":1774632600000}",2026-03-27T20:00:00Z,Webhook successfully delivered
4317474429,"BATS:BITF, 4h","H-SCREEN (5IqlmwJFdchvjcFuM_QB-eYxSEgv1mhWkER6AnpMFIg, 14, 70, 30, 12, 26, 9, 9, 21, 50, 200, 20, 2, 20, 20, 2, 14, 3, 3, 80, 20, 14, 50, 1.5): Any alert() function call","{""key"":""5IqlmwJFdchvjcFuM_QB-eYxSEgv1mhWkER6AnpMFIg"",""ticker"":""BITF"",""indicator"":""VWAP"",""value"":1.95,""signal"":""bullish"",""metadata"":{""condition"":""Price crossed above VWAP""},""tf"":""240"",""time"":1774632600000}",2026-03-27T20:00:00Z,Webhook delivery failed — request took too long and timed out
4317500304,"BATS:SATL, 4h","H-SCREEN (5IqlmwJFdchvjcFuM_QB-eYxSEgv1mhWkER6AnpMFIg, 14, 70, 30, 12, 26, 9, 9, 21, 50, 200, 20, 2, 20, 20, 2, 14, 3, 3, 80, 20, 14, 50, 1.5): Any alert() function call","{""key"":""5IqlmwJFdchvjcFuM_QB-eYxSEgv1mhWkER6AnpMFIg"",""ticker"":""SATL"",""indicator"":""STOCH_RSI"",""value"":89.9,""signal"":""bearish"",""metadata"":{""condition"":""Stoch RSI bearish cross in overbought zone"",""k"":89.9,""d"":95.9},""tf"":""240"",""time"":1774618200000}",2026-03-27T17:30:06Z,Webhook delivery failed — request took too long and timed out
4317510324,"BATS:ASTS, 4h","H-SCREEN (5IqlmwJFdchvjcFuM_QB-eYxSEgv1mhWkER6AnpMFIg, 14, 70, 30, 12, 26, 9, 9, 21, 50, 200, 20, 2, 20, 20, 2, 14, 3, 3, 80, 20, 14, 50, 1.5): Any alert() function call","{""key"":""5IqlmwJFdchvjcFuM_QB-eYxSEgv1mhWkER6AnpMFIg"",""ticker"":""ASTS"",""indicator"":""BOLL_20"",""value"":80.71,""signal"":""bearish"",""metadata"":{""condition"":""Price broke below lower Bollinger Band"",""bandwidth"":16.15},""tf"":""240"",""time"":1774618200000}",2026-03-27T17:30:02Z,Webhook delivery failed — request took too long and timed out
4317510324,"BATS:ASTS, 4h","H-SCREEN (5IqlmwJFdchvjcFuM_QB-eYxSEgv1mhWkER6AnpMFIg, 14, 70, 30, 12, 26, 9, 9, 21, 50, 200, 20, 2, 20, 20, 2, 14, 3, 3, 80, 20, 14, 50, 1.5): Any alert() function call","{""key"":""5IqlmwJFdchvjcFuM_QB-eYxSEgv1mhWkER6AnpMFIg"",""ticker"":""ASTS"",""indicator"":""MACD_12_26"",""value"":-0.59,""signal"":""bearish"",""metadata"":{""condition"":""MACD bearish signal cross"",""histogram"":-0.63},""tf"":""240"",""time"":1774618200000}",2026-03-27T17:30:02Z,Webhook delivery failed — request took too long and timed out
4317510324,"BATS:ASTS, 4h","H-SCREEN (5IqlmwJFdchvjcFuM_QB-eYxSEgv1mhWkER6AnpMFIg, 14, 70, 30, 12, 26, 9, 9, 21, 50, 200, 20, 2, 20, 20, 2, 14, 3, 3, 80, 20, 14, 50, 1.5): Any alert() function call","{""key"":""5IqlmwJFdchvjcFuM_QB-eYxSEgv1mhWkER6AnpMFIg"",""ticker"":""ASTS"",""indicator"":""MACD_12_26"",""value"":-0.59,""signal"":""bearish"",""metadata"":{""condition"":""MACD crossed below zero""},""tf"":""240"",""time"":1774618200000}",2026-03-27T17:30:02Z,Webhook delivery failed — request took too long and timed out
4317510324,"BATS:ASTS, 4h","H-SCREEN (5IqlmwJFdchvjcFuM_QB-eYxSEgv1mhWkER6AnpMFIg, 14, 70, 30, 12, 26, 9, 9, 21, 50, 200, 20, 2, 20, 20, 2, 14, 3, 3, 80, 20, 14, 50, 1.5): Any alert() function call","{""key"":""5IqlmwJFdchvjcFuM_QB-eYxSEgv1mhWkER6AnpMFIg"",""ticker"":""ASTS"",""indicator"":""EMA_CROSS"",""value"":80.71,""signal"":""bearish"",""metadata"":{""condition"":""EMA 9 crossed below EMA 21""},""tf"":""240"",""time"":1774618200000}",2026-03-27T17:30:02Z,Webhook delivery failed — request took too long and timed out
4317451253,"BATS:NVDA, 4h","H-SCREEN (5IqlmwJFdchvjcFuM_QB-eYxSEgv1mhWkER6AnpMFIg, 14, 70, 30, 12, 26, 9, 9, 21, 50, 200, 20, 2, 20, 20, 2, 14, 3, 3, 80, 20, 14, 50, 1.5): Any alert() function call","{""key"":""5IqlmwJFdchvjcFuM_QB-eYxSEgv1mhWkER6AnpMFIg"",""ticker"":""NVDA"",""indicator"":""BOLL_20"",""value"":167.85,""signal"":""bearish"",""metadata"":{""condition"":""Price broke below lower Bollinger Band"",""bandwidth"":17.13},""tf"":""240"",""time"":1774618200000}",2026-03-27T17:30:00Z,Webhook delivery failed — request took too long and timed out
4317467550,"BATS:SNDK, 4h","H-SCREEN (5IqlmwJFdchvjcFuM_QB-eYxSEgv1mhWkER6AnpMFIg, 14, 70, 30, 12, 26, 9, 9, 21, 50, 200, 20, 2, 20, 20, 2, 14, 3, 3, 80, 20, 14, 50, 1.5): Any alert() function call","{""key"":""5IqlmwJFdchvjcFuM_QB-eYxSEgv1mhWkER6AnpMFIg"",""ticker"":""SNDK"",""indicator"":""BOLL_20"",""value"":612.55,""signal"":""bullish"",""metadata"":{""condition"":""Price rejected from lower Bollinger Band""},""tf"":""240"",""time"":1774618200000}",2026-03-27T17:30:00Z,Webhook delivery failed — request took too long and timed out
4317467550,"BATS:SNDK, 4h","H-SCREEN (5IqlmwJFdchvjcFuM_QB-eYxSEgv1mhWkER6AnpMFIg, 14, 70, 30, 12, 26, 9, 9, 21, 50, 200, 20, 2, 20, 20, 2, 14, 3, 3, 80, 20, 14, 50, 1.5): Any alert() function call","{""key"":""5IqlmwJFdchvjcFuM_QB-eYxSEgv1mhWkER6AnpMFIg"",""ticker"":""SNDK"",""indicator"":""MACD_12_26"",""value"":-4.39,""signal"":""bearish"",""metadata"":{""condition"":""MACD crossed below zero""},""tf"":""240"",""time"":1774618200000}",2026-03-27T17:30:00Z,Webhook delivery failed — request took too long and timed out
4317467550,"BATS:SNDK, 4h","H-SCREEN (5IqlmwJFdchvjcFuM_QB-eYxSEgv1mhWkER6AnpMFIg, 14, 70, 30, 12, 26, 9, 9, 21, 50, 200, 20, 2, 20, 20, 2, 14, 3, 3, 80, 20, 14, 50, 1.5): Any alert() function call","{""key"":""5IqlmwJFdchvjcFuM_QB-eYxSEgv1mhWkER6AnpMFIg"",""ticker"":""SNDK"",""indicator"":""STOCH_RSI"",""value"":2.1,""signal"":""bullish"",""metadata"":{""condition"":""Stoch RSI bullish cross in oversold zone"",""k"":2.1,""d"":2},""tf"":""240"",""time"":1774618200000}",2026-03-27T17:30:00Z,Webhook delivery failed — request took too long and timed out
4317453417,"BATS:AMD, 4h","H-SCREEN (5IqlmwJFdchvjcFuM_QB-eYxSEgv1mhWkER6AnpMFIg, 14, 70, 30, 12, 26, 9, 9, 21, 50, 200, 20, 2, 20, 20, 2, 14, 3, 3, 80, 20, 14, 50, 1.5): Any alert() function call","{""key"":""5IqlmwJFdchvjcFuM_QB-eYxSEgv1mhWkER6AnpMFIg"",""ticker"":""AMD"",""indicator"":""VWAP"",""value"":200.83,""signal"":""bullish"",""metadata"":{""condition"":""Price crossed above VWAP""},""tf"":""240"",""time"":1774618200000}",2026-03-27T17:30:00Z,Webhook delivery failed — request took too long and timed out
4317452705,"BATS:MU, 4h","H-SCREEN (5IqlmwJFdchvjcFuM_QB-eYxSEgv1mhWkER6AnpMFIg, 14, 70, 30, 12, 26, 9, 9, 21, 50, 200, 20, 2, 20, 20, 2, 14, 3, 3, 80, 20, 14, 50, 1.5): Any alert() function call","{""key"":""5IqlmwJFdchvjcFuM_QB-eYxSEgv1mhWkER6AnpMFIg"",""ticker"":""MU"",""indicator"":""STOCH_RSI"",""value"":1.5,""signal"":""bullish"",""metadata"":{""condition"":""Stoch RSI bullish cross in oversold zone"",""k"":1.5,""d"":1.1},""tf"":""240"",""time"":1774618200000}",2026-03-27T17:30:00Z,Webhook delivery failed — request took too long and timed out
4317452705,"BATS:MU, 4h","H-SCREEN (5IqlmwJFdchvjcFuM_QB-eYxSEgv1mhWkER6AnpMFIg, 14, 70, 30, 12, 26, 9, 9, 21, 50, 200, 20, 2, 20, 20, 2, 14, 3, 3, 80, 20, 14, 50, 1.5): Any alert() function call","{""key"":""5IqlmwJFdchvjcFuM_QB-eYxSEgv1mhWkER6AnpMFIg"",""ticker"":""MU"",""indicator"":""RSI_14"",""value"":31.5,""signal"":""bullish"",""metadata"":{""condition"":""RSI exiting oversold""},""tf"":""240"",""time"":1774618200000}",2026-03-27T17:30:00Z,Webhook delivery failed — request took too long and timed out
4317452705,"BATS:MU, 4h","H-SCREEN (5IqlmwJFdchvjcFuM_QB-eYxSEgv1mhWkER6AnpMFIg, 14, 70, 30, 12, 26, 9, 9, 21, 50, 200, 20, 2, 20, 20, 2, 14, 3, 3, 80, 20, 14, 50, 1.5): Any alert() function call","{""key"":""5IqlmwJFdchvjcFuM_QB-eYxSEgv1mhWkER6AnpMFIg"",""ticker"":""MU"",""indicator"":""BOLL_20"",""value"":355.49,""signal"":""bullish"",""metadata"":{""condition"":""Price rejected from lower Bollinger Band""},""tf"":""240"",""time"":1774546200000}",2026-03-26T20:00:02Z,Webhook delivery failed — 500 Internal Server Error
4317452705,"BATS:MU, 4h","H-SCREEN (5IqlmwJFdchvjcFuM_QB-eYxSEgv1mhWkER6AnpMFIg, 14, 70, 30, 12, 26, 9, 9, 21, 50, 200, 20, 2, 20, 20, 2, 14, 3, 3, 80, 20, 14, 50, 1.5): Any alert() function call","{""key"":""5IqlmwJFdchvjcFuM_QB-eYxSEgv1mhWkER6AnpMFIg"",""ticker"":""MU"",""indicator"":""RSI_14"",""value"":30,""signal"":""bullish"",""metadata"":{""condition"":""RSI crossed below oversold (30)""},""tf"":""240"",""time"":1774546200000}",2026-03-26T20:00:02Z,Webhook delivery failed — 500 Internal Server Error
4317510324,"BATS:ASTS, 4h","H-SCREEN (5IqlmwJFdchvjcFuM_QB-eYxSEgv1mhWkER6AnpMFIg, 14, 70, 30, 12, 26, 9, 9, 21, 50, 200, 20, 2, 20, 20, 2, 14, 3, 3, 80, 20, 14, 50, 1.5): Any alert() function call","{""key"":""5IqlmwJFdchvjcFuM_QB-eYxSEgv1mhWkER6AnpMFIg"",""ticker"":""ASTS"",""indicator"":""STOCH_RSI"",""value"":57.3,""signal"":""bearish"",""metadata"":{""condition"":""Stoch RSI exiting overbought""},""tf"":""240"",""time"":1774546200000}",2026-03-26T20:00:01Z,Webhook delivery failed — 500 Internal Server Error